[20-Feb-2026 17:57:46 UTC] PHP Fatal error:  Uncaught ParseError: syntax error, unexpected token "endwhile" in E:\LocalSites\bedrock-nauka\bedrock\web\app\cache\acorn\framework\views\beda909866776872dd5ca9dc8ff95a37.php:22
Stack trace:
#0 E:\LocalSites\bedrock-nauka\bedrock\web\app\themes\moj-motyw\vendor\illuminate\filesystem\Filesystem.php(124): Illuminate\Filesystem\Filesystem::{closure:Illuminate\Filesystem\Filesystem::getRequire():120}()
#1 E:\LocalSites\bedrock-nauka\bedrock\web\app\themes\moj-motyw\vendor\illuminate\view\Engines\PhpEngine.php(57): Illuminate\Filesystem\Filesystem->getRequire('E:\\LocalSites\\b...', Array)
#2 E:\LocalSites\bedrock-nauka\bedrock\web\app\themes\moj-motyw\vendor\illuminate\view\Engines\CompilerEngine.php(76): Illuminate\View\Engines\PhpEngine->evaluatePath('E:\\LocalSites\\b...', Array)
#3 E:\LocalSites\bedrock-nauka\bedrock\web\app\themes\moj-motyw\vendor\illuminate\view\View.php(208): Illuminate\View\Engines\CompilerEngine->get('E:\\LocalSites\\b...', Array)
#4 E:\LocalSites\bedrock-nauka\bedrock\web\app\themes\moj-motyw\vendor\illuminate\view\View.php(191): Illuminate\View\View->getContents()
#5 E:\LocalSites\bedrock-nauka\bedrock\web\app\themes\moj-motyw\vendor\illuminate\view\View.php(160): Illuminate\View\View->renderContents()
#6 E:\LocalSites\bedrock-nauka\bedrock\web\app\themes\moj-motyw\index.php(3): Illuminate\View\View->render()
#7 E:\LocalSites\bedrock-nauka\bedrock\web\wp\wp-includes\template-loader.php(125): include('E:\\LocalSites\\b...')
#8 E:\LocalSites\bedrock-nauka\bedrock\web\wp\wp-blog-header.php(19): require_once('E:\\LocalSites\\b...')
#9 E:\LocalSites\bedrock-nauka\bedrock\web\index.php(7): require('E:\\LocalSites\\b...')
#10 {main}

Next Illuminate\View\ViewException: syntax error, unexpected token "endwhile" (View: E:\LocalSites\bedrock-nauka\bedrock\web\app\themes\moj-motyw\resources\views\page.blade.php) in E:\LocalSites\bedrock-nauka\bedrock\web\app\cache\acorn\framework\views\beda909866776872dd5ca9dc8ff95a37.php:22
Stack trace:
#0 E:\LocalSites\bedrock-nauka\bedrock\web\app\themes\moj-motyw\vendor\illuminate\view\Engines\PhpEngine.php(59): Illuminate\View\Engines\CompilerEngine->handleViewException(Object(ParseError), 2)
#1 E:\LocalSites\bedrock-nauka\bedrock\web\app\themes\moj-motyw\vendor\illuminate\view\Engines\CompilerEngine.php(76): Illuminate\View\Engines\PhpEngine->evaluatePath('E:\\LocalSites\\b...', Array)
#2 E:\LocalSites\bedrock-nauka\bedrock\web\app\themes\moj-motyw\vendor\illuminate\view\View.php(208): Illuminate\View\Engines\CompilerEngine->get('E:\\LocalSites\\b...', Array)
#3 E:\LocalSites\bedrock-nauka\bedrock\web\app\themes\moj-motyw\vendor\illuminate\view\View.php(191): Illuminate\View\View->getContents()
#4 E:\LocalSites\bedrock-nauka\bedrock\web\app\themes\moj-motyw\vendor\illuminate\view\View.php(160): Illuminate\View\View->renderContents()
#5 E:\LocalSites\bedrock-nauka\bedrock\web\app\themes\moj-motyw\index.php(3): Illuminate\View\View->render()
#6 E:\LocalSites\bedrock-nauka\bedrock\web\wp\wp-includes\template-loader.php(125): include('E:\\LocalSites\\b...')
#7 E:\LocalSites\bedrock-nauka\bedrock\web\wp\wp-blog-header.php(19): require_once('E:\\LocalSites\\b...')
#8 E:\LocalSites\bedrock-nauka\bedrock\web\index.php(7): require('E:\\LocalSites\\b...')
#9 {main}
  thrown in E:\LocalSites\bedrock-nauka\bedrock\web\app\cache\acorn\framework\views\beda909866776872dd5ca9dc8ff95a37.php on line 22
[20-Feb-2026 17:58:01 UTC] PHP Warning:  Undefined variable $sekcje in E:\LocalSites\bedrock-nauka\bedrock\web\app\cache\acorn\framework\views\beda909866776872dd5ca9dc8ff95a37.php on line 6
[20-Feb-2026 17:58:41 UTC] PHP Warning:  Undefined array key "acf_fc_layout" in E:\LocalSites\bedrock-nauka\bedrock\web\app\cache\acorn\framework\views\beda909866776872dd5ca9dc8ff95a37.php on line 11
[20-Feb-2026 17:58:41 UTC] PHP Warning:  Undefined array key "acf_fc_layout" in E:\LocalSites\bedrock-nauka\bedrock\web\app\cache\acorn\framework\views\beda909866776872dd5ca9dc8ff95a37.php on line 17
[20-Feb-2026 17:58:42 UTC] PHP Warning:  Undefined array key "acf_fc_layout" in E:\LocalSites\bedrock-nauka\bedrock\web\app\cache\acorn\framework\views\beda909866776872dd5ca9dc8ff95a37.php on line 11
[20-Feb-2026 17:58:42 UTC] PHP Warning:  Undefined array key "acf_fc_layout" in E:\LocalSites\bedrock-nauka\bedrock\web\app\cache\acorn\framework\views\beda909866776872dd5ca9dc8ff95a37.php on line 17
[20-Feb-2026 17:58:42 UTC] PHP Warning:  Undefined array key "acf_fc_layout" in E:\LocalSites\bedrock-nauka\bedrock\web\app\cache\acorn\framework\views\beda909866776872dd5ca9dc8ff95a37.php on line 11
[20-Feb-2026 17:58:42 UTC] PHP Warning:  Undefined array key "acf_fc_layout" in E:\LocalSites\bedrock-nauka\bedrock\web\app\cache\acorn\framework\views\beda909866776872dd5ca9dc8ff95a37.php on line 17
[20-Feb-2026 17:58:43 UTC] PHP Warning:  Undefined array key "acf_fc_layout" in E:\LocalSites\bedrock-nauka\bedrock\web\app\cache\acorn\framework\views\beda909866776872dd5ca9dc8ff95a37.php on line 11
[20-Feb-2026 17:58:43 UTC] PHP Warning:  Undefined array key "acf_fc_layout" in E:\LocalSites\bedrock-nauka\bedrock\web\app\cache\acorn\framework\views\beda909866776872dd5ca9dc8ff95a37.php on line 17
[20-Feb-2026 17:59:05 UTC] PHP Warning:  Undefined array key "tytul" in E:\LocalSites\bedrock-nauka\bedrock\web\app\cache\acorn\framework\views\beda909866776872dd5ca9dc8ff95a37.php on line 11
[20-Feb-2026 17:59:05 UTC] PHP Warning:  Undefined array key "tresc" in E:\LocalSites\bedrock-nauka\bedrock\web\app\cache\acorn\framework\views\beda909866776872dd5ca9dc8ff95a37.php on line 12
[20-Feb-2026 17:59:06 UTC] PHP Warning:  Undefined array key "tytul" in E:\LocalSites\bedrock-nauka\bedrock\web\app\cache\acorn\framework\views\beda909866776872dd5ca9dc8ff95a37.php on line 11
[20-Feb-2026 17:59:06 UTC] PHP Warning:  Undefined array key "tresc" in E:\LocalSites\bedrock-nauka\bedrock\web\app\cache\acorn\framework\views\beda909866776872dd5ca9dc8ff95a37.php on line 12
[20-Feb-2026 21:53:00 UTC] PHP Fatal error:  Uncaught ParseError: syntax error, unexpected token "=", expecting "]" in E:\LocalSites\bedrock-nauka\bedrock\web\app\cache\acorn\framework\views\7bf585a2f7f6505feeb7d470c4ae6bdc.php:7
Stack trace:
#0 E:\LocalSites\bedrock-nauka\bedrock\web\app\themes\moj-motyw\vendor\illuminate\filesystem\Filesystem.php(124): Illuminate\Filesystem\Filesystem::{closure:Illuminate\Filesystem\Filesystem::getRequire():120}()
#1 E:\LocalSites\bedrock-nauka\bedrock\web\app\themes\moj-motyw\vendor\illuminate\view\Engines\PhpEngine.php(57): Illuminate\Filesystem\Filesystem->getRequire('E:\\LocalSites\\b...', Array)
#2 E:\LocalSites\bedrock-nauka\bedrock\web\app\themes\moj-motyw\vendor\illuminate\view\Engines\CompilerEngine.php(76): Illuminate\View\Engines\PhpEngine->evaluatePath('E:\\LocalSites\\b...', Array)
#3 E:\LocalSites\bedrock-nauka\bedrock\web\app\themes\moj-motyw\vendor\illuminate\view\View.php(208): Illuminate\View\Engines\CompilerEngine->get('E:\\LocalSites\\b...', Array)
#4 E:\LocalSites\bedrock-nauka\bedrock\web\app\themes\moj-motyw\vendor\illuminate\view\View.php(191): Illuminate\View\View->getContents()
#5 E:\LocalSites\bedrock-nauka\bedrock\web\app\themes\moj-motyw\vendor\illuminate\view\View.php(160): Illuminate\View\View->renderContents()
#6 E:\LocalSites\bedrock-nauka\bedrock\web\app\themes\moj-motyw\vendor\illuminate\view\Concerns\ManagesComponents.php(103): Illuminate\View\View->render()
#7 E:\LocalSites\bedrock-nauka\bedrock\web\app\cache\acorn\framework\views\beda909866776872dd5ca9dc8ff95a37.php(34): Illuminate\View\Factory->renderComponent()
#8 E:\LocalSites\bedrock-nauka\bedrock\web\app\themes\moj-motyw\vendor\illuminate\filesystem\Filesystem.php(123): require('E:\\LocalSites\\b...')
#9 E:\LocalSites\bedrock-nauka\bedrock\web\app\themes\moj-motyw\vendor\illuminate\filesystem\Filesystem.php(124): Illuminate\Filesystem\Filesystem::{closure:Illuminate\Filesystem\Filesystem::getRequire():120}()
#10 E:\LocalSites\bedrock-nauka\bedrock\web\app\themes\moj-motyw\vendor\illuminate\view\Engines\PhpEngine.php(57): Illuminate\Filesystem\Filesystem->getRequire('E:\\LocalSites\\b...', Array)
#11 E:\LocalSites\bedrock-nauka\bedrock\web\app\themes\moj-motyw\vendor\illuminate\view\Engines\CompilerEngine.php(76): Illuminate\View\Engines\PhpEngine->evaluatePath('E:\\LocalSites\\b...', Array)
#12 E:\LocalSites\bedrock-nauka\bedrock\web\app\themes\moj-motyw\vendor\illuminate\view\View.php(208): Illuminate\View\Engines\CompilerEngine->get('E:\\LocalSites\\b...', Array)
#13 E:\LocalSites\bedrock-nauka\bedrock\web\app\themes\moj-motyw\vendor\illuminate\view\View.php(191): Illuminate\View\View->getContents()
#14 E:\LocalSites\bedrock-nauka\bedrock\web\app\themes\moj-motyw\vendor\illuminate\view\View.php(160): Illuminate\View\View->renderContents()
#15 E:\LocalSites\bedrock-nauka\bedrock\web\app\themes\moj-motyw\index.php(3): Illuminate\View\View->render()
#16 E:\LocalSites\bedrock-nauka\bedrock\web\wp\wp-includes\template-loader.php(125): include('E:\\LocalSites\\b...')
#17 E:\LocalSites\bedrock-nauka\bedrock\web\wp\wp-blog-header.php(19): require_once('E:\\LocalSites\\b...')
#18 E:\LocalSites\bedrock-nauka\bedrock\web\index.php(7): require('E:\\LocalSites\\b...')
#19 {main}

Next Illuminate\View\ViewException: syntax error, unexpected token "=", expecting "]" (View: E:\LocalSites\bedrock-nauka\bedrock\web\app\themes\moj-motyw\resources\views\components\button.blade.php) in E:\LocalSites\bedrock-nauka\bedrock\web\app\cache\acorn\framework\views\7bf585a2f7f6505feeb7d470c4ae6bdc.php:7
Stack trace:
#0 E:\LocalSites\bedrock-nauka\bedrock\web\app\themes\moj-motyw\vendor\illuminate\view\Engines\PhpEngine.php(59): Illuminate\View\Engines\CompilerEngine->handleViewException(Object(ParseError), 4)
#1 E:\LocalSites\bedrock-nauka\bedrock\web\app\themes\moj-motyw\vendor\illuminate\view\Engines\CompilerEngine.php(76): Illuminate\View\Engines\PhpEngine->evaluatePath('E:\\LocalSites\\b...', Array)
#2 E:\LocalSites\bedrock-nauka\bedrock\web\app\themes\moj-motyw\vendor\illuminate\view\View.php(208): Illuminate\View\Engines\CompilerEngine->get('E:\\LocalSites\\b...', Array)
#3 E:\LocalSites\bedrock-nauka\bedrock\web\app\themes\moj-motyw\vendor\illuminate\view\View.php(191): Illuminate\View\View->getContents()
#4 E:\LocalSites\bedrock-nauka\bedrock\web\app\themes\moj-motyw\vendor\illuminate\view\View.php(160): Illuminate\View\View->renderContents()
#5 E:\LocalSites\bedrock-nauka\bedrock\web\app\themes\moj-motyw\vendor\illuminate\view\Concerns\ManagesComponents.php(103): Illuminate\View\View->render()
#6 E:\LocalSites\bedrock-nauka\bedrock\web\app\cache\acorn\framework\views\beda909866776872dd5ca9dc8ff95a37.php(34): Illuminate\View\Factory->renderComponent()
#7 E:\LocalSites\bedrock-nauka\bedrock\web\app\themes\moj-motyw\vendor\illuminate\filesystem\Filesystem.php(123): require('E:\\LocalSites\\b...')
#8 E:\LocalSites\bedrock-nauka\bedrock\web\app\themes\moj-motyw\vendor\illuminate\filesystem\Filesystem.php(124): Illuminate\Filesystem\Filesystem::{closure:Illuminate\Filesystem\Filesystem::getRequire():120}()
#9 E:\LocalSites\bedrock-nauka\bedrock\web\app\themes\moj-motyw\vendor\illuminate\view\Engines\PhpEngine.php(57): Illuminate\Filesystem\Filesystem->getRequire('E:\\LocalSites\\b...', Array)
#10 E:\LocalSites\bedrock-nauka\bedrock\web\app\themes\moj-motyw\vendor\illuminate\view\Engines\CompilerEngine.php(76): Illuminate\View\Engines\PhpEngine->evaluatePath('E:\\LocalSites\\b...', Array)
#11 E:\LocalSites\bedrock-nauka\bedrock\web\app\themes\moj-motyw\vendor\illuminate\view\View.php(208): Illuminate\View\Engines\CompilerEngine->get('E:\\LocalSites\\b...', Array)
#12 E:\LocalSites\bedrock-nauka\bedrock\web\app\themes\moj-motyw\vendor\illuminate\view\View.php(191): Illuminate\View\View->getContents()
#13 E:\LocalSites\bedrock-nauka\bedrock\web\app\themes\moj-motyw\vendor\illuminate\view\View.php(160): Illuminate\View\View->renderContents()
#14 E:\LocalSites\bedrock-nauka\bedrock\web\app\themes\moj-motyw\index.php(3): Illuminate\View\View->render()
#15 E:\LocalSites\bedrock-nauka\bedrock\web\wp\wp-includes\template-loader.php(125): include('E:\\LocalSites\\b...')
#16 E:\LocalSites\bedrock-nauka\bedrock\web\wp\wp-blog-header.php(19): require_once('E:\\LocalSites\\b...')
#17 E:\LocalSites\bedrock-nauka\bedrock\web\index.php(7): require('E:\\LocalSites\\b...')
#18 {main}

Next Illuminate\View\ViewException: syntax error, unexpected token "=", expecting "]" (View: E:\LocalSites\bedrock-nauka\bedrock\web\app\themes\moj-motyw\resources\views\components\button.blade.php) (View: E:\LocalSites\bedrock-nauka\bedrock\web\app\themes\moj-motyw\resources\views\components\button.blade.php) in E:\LocalSites\bedrock-nauka\bedrock\web\app\cache\acorn\framework\views\7bf585a2f7f6505feeb7d470c4ae6bdc.php:7
Stack trace:
#0 E:\LocalSites\bedrock-nauka\bedrock\web\app\themes\moj-motyw\vendor\illuminate\view\Engines\PhpEngine.php(59): Illuminate\View\Engines\CompilerEngine->handleViewException(Object(Illuminate\View\ViewException), 2)
#1 E:\LocalSites\bedrock-nauka\bedrock\web\app\themes\moj-motyw\vendor\illuminate\view\Engines\CompilerEngine.php(76): Illuminate\View\Engines\PhpEngine->evaluatePath('E:\\LocalSites\\b...', Array)
#2 E:\LocalSites\bedrock-nauka\bedrock\web\app\themes\moj-motyw\vendor\illuminate\view\View.php(208): Illuminate\View\Engines\CompilerEngine->get('E:\\LocalSites\\b...', Array)
#3 E:\LocalSites\bedrock-nauka\bedrock\web\app\themes\moj-motyw\vendor\illuminate\view\View.php(191): Illuminate\View\View->getContents()
#4 E:\LocalSites\bedrock-nauka\bedrock\web\app\themes\moj-motyw\vendor\illuminate\view\View.php(160): Illuminate\View\View->renderContents()
#5 E:\LocalSites\bedrock-nauka\bedrock\web\app\themes\moj-motyw\index.php(3): Illuminate\View\View->render()
#6 E:\LocalSites\bedrock-nauka\bedrock\web\wp\wp-includes\template-loader.php(125): include('E:\\LocalSites\\b...')
#7 E:\LocalSites\bedrock-nauka\bedrock\web\wp\wp-blog-header.php(19): require_once('E:\\LocalSites\\b...')
#8 E:\LocalSites\bedrock-nauka\bedrock\web\index.php(7): require('E:\\LocalSites\\b...')
#9 {main}
  thrown in E:\LocalSites\bedrock-nauka\bedrock\web\app\cache\acorn\framework\views\7bf585a2f7f6505feeb7d470c4ae6bdc.php on line 7
[20-Feb-2026 22:04:45 UTC] PHP Fatal error:  Uncaught InvalidArgumentException: View [icons.arrow] not found. in E:\LocalSites\bedrock-nauka\bedrock\web\app\themes\moj-motyw\vendor\illuminate\view\FileViewFinder.php:138
Stack trace:
#0 E:\LocalSites\bedrock-nauka\bedrock\web\app\themes\moj-motyw\vendor\illuminate\view\FileViewFinder.php(78): Illuminate\View\FileViewFinder->findInPaths('icons.arrow', Array)
#1 E:\LocalSites\bedrock-nauka\bedrock\web\app\themes\moj-motyw\vendor\illuminate\view\Factory.php(150): Illuminate\View\FileViewFinder->find('icons.arrow')
#2 E:\LocalSites\bedrock-nauka\bedrock\web\app\cache\acorn\framework\views\beda909866776872dd5ca9dc8ff95a37.php(36): Illuminate\View\Factory->make('icons.arrow', Array)
#3 E:\LocalSites\bedrock-nauka\bedrock\web\app\themes\moj-motyw\vendor\illuminate\filesystem\Filesystem.php(123): require('E:\\LocalSites\\b...')
#4 E:\LocalSites\bedrock-nauka\bedrock\web\app\themes\moj-motyw\vendor\illuminate\filesystem\Filesystem.php(124): Illuminate\Filesystem\Filesystem::{closure:Illuminate\Filesystem\Filesystem::getRequire():120}()
#5 E:\LocalSites\bedrock-nauka\bedrock\web\app\themes\moj-motyw\vendor\illuminate\view\Engines\PhpEngine.php(57): Illuminate\Filesystem\Filesystem->getRequire('E:\\LocalSites\\b...', Array)
#6 E:\LocalSites\bedrock-nauka\bedrock\web\app\themes\moj-motyw\vendor\illuminate\view\Engines\CompilerEngine.php(76): Illuminate\View\Engines\PhpEngine->evaluatePath('E:\\LocalSites\\b...', Array)
#7 E:\LocalSites\bedrock-nauka\bedrock\web\app\themes\moj-motyw\vendor\illuminate\view\View.php(208): Illuminate\View\Engines\CompilerEngine->get('E:\\LocalSites\\b...', Array)
#8 E:\LocalSites\bedrock-nauka\bedrock\web\app\themes\moj-motyw\vendor\illuminate\view\View.php(191): Illuminate\View\View->getContents()
#9 E:\LocalSites\bedrock-nauka\bedrock\web\app\themes\moj-motyw\vendor\illuminate\view\View.php(160): Illuminate\View\View->renderContents()
#10 E:\LocalSites\bedrock-nauka\bedrock\web\app\themes\moj-motyw\index.php(3): Illuminate\View\View->render()
#11 E:\LocalSites\bedrock-nauka\bedrock\web\wp\wp-includes\template-loader.php(125): include('E:\\LocalSites\\b...')
#12 E:\LocalSites\bedrock-nauka\bedrock\web\wp\wp-blog-header.php(19): require_once('E:\\LocalSites\\b...')
#13 E:\LocalSites\bedrock-nauka\bedrock\web\index.php(7): require('E:\\LocalSites\\b...')
#14 {main}

Next Illuminate\View\ViewException: View [icons.arrow] not found. (View: E:\LocalSites\bedrock-nauka\bedrock\web\app\themes\moj-motyw\resources\views\page.blade.php) in E:\LocalSites\bedrock-nauka\bedrock\web\app\themes\moj-motyw\vendor\illuminate\view\FileViewFinder.php:138
Stack trace:
#0 E:\LocalSites\bedrock-nauka\bedrock\web\app\themes\moj-motyw\vendor\illuminate\view\Engines\PhpEngine.php(59): Illuminate\View\Engines\CompilerEngine->handleViewException(Object(InvalidArgumentException), 2)
#1 E:\LocalSites\bedrock-nauka\bedrock\web\app\themes\moj-motyw\vendor\illuminate\view\Engines\CompilerEngine.php(76): Illuminate\View\Engines\PhpEngine->evaluatePath('E:\\LocalSites\\b...', Array)
#2 E:\LocalSites\bedrock-nauka\bedrock\web\app\themes\moj-motyw\vendor\illuminate\view\View.php(208): Illuminate\View\Engines\CompilerEngine->get('E:\\LocalSites\\b...', Array)
#3 E:\LocalSites\bedrock-nauka\bedrock\web\app\themes\moj-motyw\vendor\illuminate\view\View.php(191): Illuminate\View\View->getContents()
#4 E:\LocalSites\bedrock-nauka\bedrock\web\app\themes\moj-motyw\vendor\illuminate\view\View.php(160): Illuminate\View\View->renderContents()
#5 E:\LocalSites\bedrock-nauka\bedrock\web\app\themes\moj-motyw\index.php(3): Illuminate\View\View->render()
#6 E:\LocalSites\bedrock-nauka\bedrock\web\wp\wp-includes\template-loader.php(125): include('E:\\LocalSites\\b...')
#7 E:\LocalSites\bedrock-nauka\bedrock\web\wp\wp-blog-header.php(19): require_once('E:\\LocalSites\\b...')
#8 E:\LocalSites\bedrock-nauka\bedrock\web\index.php(7): require('E:\\LocalSites\\b...')
#9 {main}
  thrown in E:\LocalSites\bedrock-nauka\bedrock\web\app\themes\moj-motyw\vendor\illuminate\view\FileViewFinder.php on line 138
[20-Feb-2026 22:04:58 UTC] PHP Fatal error:  Uncaught InvalidArgumentException: View [icons.arrow] not found. in E:\LocalSites\bedrock-nauka\bedrock\web\app\themes\moj-motyw\vendor\illuminate\view\FileViewFinder.php:138
Stack trace:
#0 E:\LocalSites\bedrock-nauka\bedrock\web\app\themes\moj-motyw\vendor\illuminate\view\FileViewFinder.php(78): Illuminate\View\FileViewFinder->findInPaths('icons.arrow', Array)
#1 E:\LocalSites\bedrock-nauka\bedrock\web\app\themes\moj-motyw\vendor\illuminate\view\Factory.php(150): Illuminate\View\FileViewFinder->find('icons.arrow')
#2 E:\LocalSites\bedrock-nauka\bedrock\web\app\cache\acorn\framework\views\beda909866776872dd5ca9dc8ff95a37.php(36): Illuminate\View\Factory->make('icons.arrow', Array)
#3 E:\LocalSites\bedrock-nauka\bedrock\web\app\themes\moj-motyw\vendor\illuminate\filesystem\Filesystem.php(123): require('E:\\LocalSites\\b...')
#4 E:\LocalSites\bedrock-nauka\bedrock\web\app\themes\moj-motyw\vendor\illuminate\filesystem\Filesystem.php(124): Illuminate\Filesystem\Filesystem::{closure:Illuminate\Filesystem\Filesystem::getRequire():120}()
#5 E:\LocalSites\bedrock-nauka\bedrock\web\app\themes\moj-motyw\vendor\illuminate\view\Engines\PhpEngine.php(57): Illuminate\Filesystem\Filesystem->getRequire('E:\\LocalSites\\b...', Array)
#6 E:\LocalSites\bedrock-nauka\bedrock\web\app\themes\moj-motyw\vendor\illuminate\view\Engines\CompilerEngine.php(76): Illuminate\View\Engines\PhpEngine->evaluatePath('E:\\LocalSites\\b...', Array)
#7 E:\LocalSites\bedrock-nauka\bedrock\web\app\themes\moj-motyw\vendor\illuminate\view\View.php(208): Illuminate\View\Engines\CompilerEngine->get('E:\\LocalSites\\b...', Array)
#8 E:\LocalSites\bedrock-nauka\bedrock\web\app\themes\moj-motyw\vendor\illuminate\view\View.php(191): Illuminate\View\View->getContents()
#9 E:\LocalSites\bedrock-nauka\bedrock\web\app\themes\moj-motyw\vendor\illuminate\view\View.php(160): Illuminate\View\View->renderContents()
#10 E:\LocalSites\bedrock-nauka\bedrock\web\app\themes\moj-motyw\index.php(3): Illuminate\View\View->render()
#11 E:\LocalSites\bedrock-nauka\bedrock\web\wp\wp-includes\template-loader.php(125): include('E:\\LocalSites\\b...')
#12 E:\LocalSites\bedrock-nauka\bedrock\web\wp\wp-blog-header.php(19): require_once('E:\\LocalSites\\b...')
#13 E:\LocalSites\bedrock-nauka\bedrock\web\index.php(7): require('E:\\LocalSites\\b...')
#14 {main}

Next Illuminate\View\ViewException: View [icons.arrow] not found. (View: E:\LocalSites\bedrock-nauka\bedrock\web\app\themes\moj-motyw\resources\views\page.blade.php) in E:\LocalSites\bedrock-nauka\bedrock\web\app\themes\moj-motyw\vendor\illuminate\view\FileViewFinder.php:138
Stack trace:
#0 E:\LocalSites\bedrock-nauka\bedrock\web\app\themes\moj-motyw\vendor\illuminate\view\Engines\PhpEngine.php(59): Illuminate\View\Engines\CompilerEngine->handleViewException(Object(InvalidArgumentException), 2)
#1 E:\LocalSites\bedrock-nauka\bedrock\web\app\themes\moj-motyw\vendor\illuminate\view\Engines\CompilerEngine.php(76): Illuminate\View\Engines\PhpEngine->evaluatePath('E:\\LocalSites\\b...', Array)
#2 E:\LocalSites\bedrock-nauka\bedrock\web\app\themes\moj-motyw\vendor\illuminate\view\View.php(208): Illuminate\View\Engines\CompilerEngine->get('E:\\LocalSites\\b...', Array)
#3 E:\LocalSites\bedrock-nauka\bedrock\web\app\themes\moj-motyw\vendor\illuminate\view\View.php(191): Illuminate\View\View->getContents()
#4 E:\LocalSites\bedrock-nauka\bedrock\web\app\themes\moj-motyw\vendor\illuminate\view\View.php(160): Illuminate\View\View->renderContents()
#5 E:\LocalSites\bedrock-nauka\bedrock\web\app\themes\moj-motyw\index.php(3): Illuminate\View\View->render()
#6 E:\LocalSites\bedrock-nauka\bedrock\web\wp\wp-includes\template-loader.php(125): include('E:\\LocalSites\\b...')
#7 E:\LocalSites\bedrock-nauka\bedrock\web\wp\wp-blog-header.php(19): require_once('E:\\LocalSites\\b...')
#8 E:\LocalSites\bedrock-nauka\bedrock\web\index.php(7): require('E:\\LocalSites\\b...')
#9 {main}
  thrown in E:\LocalSites\bedrock-nauka\bedrock\web\app\themes\moj-motyw\vendor\illuminate\view\FileViewFinder.php on line 138
[20-Feb-2026 22:04:59 UTC] PHP Fatal error:  Uncaught InvalidArgumentException: View [icons.arrow] not found. in E:\LocalSites\bedrock-nauka\bedrock\web\app\themes\moj-motyw\vendor\illuminate\view\FileViewFinder.php:138
Stack trace:
#0 E:\LocalSites\bedrock-nauka\bedrock\web\app\themes\moj-motyw\vendor\illuminate\view\FileViewFinder.php(78): Illuminate\View\FileViewFinder->findInPaths('icons.arrow', Array)
#1 E:\LocalSites\bedrock-nauka\bedrock\web\app\themes\moj-motyw\vendor\illuminate\view\Factory.php(150): Illuminate\View\FileViewFinder->find('icons.arrow')
#2 E:\LocalSites\bedrock-nauka\bedrock\web\app\cache\acorn\framework\views\beda909866776872dd5ca9dc8ff95a37.php(36): Illuminate\View\Factory->make('icons.arrow', Array)
#3 E:\LocalSites\bedrock-nauka\bedrock\web\app\themes\moj-motyw\vendor\illuminate\filesystem\Filesystem.php(123): require('E:\\LocalSites\\b...')
#4 E:\LocalSites\bedrock-nauka\bedrock\web\app\themes\moj-motyw\vendor\illuminate\filesystem\Filesystem.php(124): Illuminate\Filesystem\Filesystem::{closure:Illuminate\Filesystem\Filesystem::getRequire():120}()
#5 E:\LocalSites\bedrock-nauka\bedrock\web\app\themes\moj-motyw\vendor\illuminate\view\Engines\PhpEngine.php(57): Illuminate\Filesystem\Filesystem->getRequire('E:\\LocalSites\\b...', Array)
#6 E:\LocalSites\bedrock-nauka\bedrock\web\app\themes\moj-motyw\vendor\illuminate\view\Engines\CompilerEngine.php(76): Illuminate\View\Engines\PhpEngine->evaluatePath('E:\\LocalSites\\b...', Array)
#7 E:\LocalSites\bedrock-nauka\bedrock\web\app\themes\moj-motyw\vendor\illuminate\view\View.php(208): Illuminate\View\Engines\CompilerEngine->get('E:\\LocalSites\\b...', Array)
#8 E:\LocalSites\bedrock-nauka\bedrock\web\app\themes\moj-motyw\vendor\illuminate\view\View.php(191): Illuminate\View\View->getContents()
#9 E:\LocalSites\bedrock-nauka\bedrock\web\app\themes\moj-motyw\vendor\illuminate\view\View.php(160): Illuminate\View\View->renderContents()
#10 E:\LocalSites\bedrock-nauka\bedrock\web\app\themes\moj-motyw\index.php(3): Illuminate\View\View->render()
#11 E:\LocalSites\bedrock-nauka\bedrock\web\wp\wp-includes\template-loader.php(125): include('E:\\LocalSites\\b...')
#12 E:\LocalSites\bedrock-nauka\bedrock\web\wp\wp-blog-header.php(19): require_once('E:\\LocalSites\\b...')
#13 E:\LocalSites\bedrock-nauka\bedrock\web\index.php(7): require('E:\\LocalSites\\b...')
#14 {main}

Next Illuminate\View\ViewException: View [icons.arrow] not found. (View: E:\LocalSites\bedrock-nauka\bedrock\web\app\themes\moj-motyw\resources\views\page.blade.php) in E:\LocalSites\bedrock-nauka\bedrock\web\app\themes\moj-motyw\vendor\illuminate\view\FileViewFinder.php:138
Stack trace:
#0 E:\LocalSites\bedrock-nauka\bedrock\web\app\themes\moj-motyw\vendor\illuminate\view\Engines\PhpEngine.php(59): Illuminate\View\Engines\CompilerEngine->handleViewException(Object(InvalidArgumentException), 2)
#1 E:\LocalSites\bedrock-nauka\bedrock\web\app\themes\moj-motyw\vendor\illuminate\view\Engines\CompilerEngine.php(76): Illuminate\View\Engines\PhpEngine->evaluatePath('E:\\LocalSites\\b...', Array)
#2 E:\LocalSites\bedrock-nauka\bedrock\web\app\themes\moj-motyw\vendor\illuminate\view\View.php(208): Illuminate\View\Engines\CompilerEngine->get('E:\\LocalSites\\b...', Array)
#3 E:\LocalSites\bedrock-nauka\bedrock\web\app\themes\moj-motyw\vendor\illuminate\view\View.php(191): Illuminate\View\View->getContents()
#4 E:\LocalSites\bedrock-nauka\bedrock\web\app\themes\moj-motyw\vendor\illuminate\view\View.php(160): Illuminate\View\View->renderContents()
#5 E:\LocalSites\bedrock-nauka\bedrock\web\app\themes\moj-motyw\index.php(3): Illuminate\View\View->render()
#6 E:\LocalSites\bedrock-nauka\bedrock\web\wp\wp-includes\template-loader.php(125): include('E:\\LocalSites\\b...')
#7 E:\LocalSites\bedrock-nauka\bedrock\web\wp\wp-blog-header.php(19): require_once('E:\\LocalSites\\b...')
#8 E:\LocalSites\bedrock-nauka\bedrock\web\index.php(7): require('E:\\LocalSites\\b...')
#9 {main}
  thrown in E:\LocalSites\bedrock-nauka\bedrock\web\app\themes\moj-motyw\vendor\illuminate\view\FileViewFinder.php on line 138
[20-Feb-2026 22:06:55 UTC] PHP Fatal error:  Uncaught InvalidArgumentException: View [icons.arrow] not found. in E:\LocalSites\bedrock-nauka\bedrock\web\app\themes\moj-motyw\vendor\illuminate\view\FileViewFinder.php:138
Stack trace:
#0 E:\LocalSites\bedrock-nauka\bedrock\web\app\themes\moj-motyw\vendor\illuminate\view\FileViewFinder.php(78): Illuminate\View\FileViewFinder->findInPaths('icons.arrow', Array)
#1 E:\LocalSites\bedrock-nauka\bedrock\web\app\themes\moj-motyw\vendor\illuminate\view\Factory.php(150): Illuminate\View\FileViewFinder->find('icons.arrow')
#2 E:\LocalSites\bedrock-nauka\bedrock\web\app\cache\acorn\framework\views\beda909866776872dd5ca9dc8ff95a37.php(36): Illuminate\View\Factory->make('icons.arrow', Array)
#3 E:\LocalSites\bedrock-nauka\bedrock\web\app\themes\moj-motyw\vendor\illuminate\filesystem\Filesystem.php(123): require('E:\\LocalSites\\b...')
#4 E:\LocalSites\bedrock-nauka\bedrock\web\app\themes\moj-motyw\vendor\illuminate\filesystem\Filesystem.php(124): Illuminate\Filesystem\Filesystem::{closure:Illuminate\Filesystem\Filesystem::getRequire():120}()
#5 E:\LocalSites\bedrock-nauka\bedrock\web\app\themes\moj-motyw\vendor\illuminate\view\Engines\PhpEngine.php(57): Illuminate\Filesystem\Filesystem->getRequire('E:\\LocalSites\\b...', Array)
#6 E:\LocalSites\bedrock-nauka\bedrock\web\app\themes\moj-motyw\vendor\illuminate\view\Engines\CompilerEngine.php(76): Illuminate\View\Engines\PhpEngine->evaluatePath('E:\\LocalSites\\b...', Array)
#7 E:\LocalSites\bedrock-nauka\bedrock\web\app\themes\moj-motyw\vendor\illuminate\view\View.php(208): Illuminate\View\Engines\CompilerEngine->get('E:\\LocalSites\\b...', Array)
#8 E:\LocalSites\bedrock-nauka\bedrock\web\app\themes\moj-motyw\vendor\illuminate\view\View.php(191): Illuminate\View\View->getContents()
#9 E:\LocalSites\bedrock-nauka\bedrock\web\app\themes\moj-motyw\vendor\illuminate\view\View.php(160): Illuminate\View\View->renderContents()
#10 E:\LocalSites\bedrock-nauka\bedrock\web\app\themes\moj-motyw\index.php(3): Illuminate\View\View->render()
#11 E:\LocalSites\bedrock-nauka\bedrock\web\wp\wp-includes\template-loader.php(125): include('E:\\LocalSites\\b...')
#12 E:\LocalSites\bedrock-nauka\bedrock\web\wp\wp-blog-header.php(19): require_once('E:\\LocalSites\\b...')
#13 E:\LocalSites\bedrock-nauka\bedrock\web\index.php(7): require('E:\\LocalSites\\b...')
#14 {main}

Next Illuminate\View\ViewException: View [icons.arrow] not found. (View: E:\LocalSites\bedrock-nauka\bedrock\web\app\themes\moj-motyw\resources\views\page.blade.php) in E:\LocalSites\bedrock-nauka\bedrock\web\app\themes\moj-motyw\vendor\illuminate\view\FileViewFinder.php:138
Stack trace:
#0 E:\LocalSites\bedrock-nauka\bedrock\web\app\themes\moj-motyw\vendor\illuminate\view\Engines\PhpEngine.php(59): Illuminate\View\Engines\CompilerEngine->handleViewException(Object(InvalidArgumentException), 2)
#1 E:\LocalSites\bedrock-nauka\bedrock\web\app\themes\moj-motyw\vendor\illuminate\view\Engines\CompilerEngine.php(76): Illuminate\View\Engines\PhpEngine->evaluatePath('E:\\LocalSites\\b...', Array)
#2 E:\LocalSites\bedrock-nauka\bedrock\web\app\themes\moj-motyw\vendor\illuminate\view\View.php(208): Illuminate\View\Engines\CompilerEngine->get('E:\\LocalSites\\b...', Array)
#3 E:\LocalSites\bedrock-nauka\bedrock\web\app\themes\moj-motyw\vendor\illuminate\view\View.php(191): Illuminate\View\View->getContents()
#4 E:\LocalSites\bedrock-nauka\bedrock\web\app\themes\moj-motyw\vendor\illuminate\view\View.php(160): Illuminate\View\View->renderContents()
#5 E:\LocalSites\bedrock-nauka\bedrock\web\app\themes\moj-motyw\index.php(3): Illuminate\View\View->render()
#6 E:\LocalSites\bedrock-nauka\bedrock\web\wp\wp-includes\template-loader.php(125): include('E:\\LocalSites\\b...')
#7 E:\LocalSites\bedrock-nauka\bedrock\web\wp\wp-blog-header.php(19): require_once('E:\\LocalSites\\b...')
#8 E:\LocalSites\bedrock-nauka\bedrock\web\index.php(7): require('E:\\LocalSites\\b...')
#9 {main}
  thrown in E:\LocalSites\bedrock-nauka\bedrock\web\app\themes\moj-motyw\vendor\illuminate\view\FileViewFinder.php on line 138
[20-Feb-2026 22:06:56 UTC] PHP Fatal error:  Uncaught InvalidArgumentException: View [icons.arrow] not found. in E:\LocalSites\bedrock-nauka\bedrock\web\app\themes\moj-motyw\vendor\illuminate\view\FileViewFinder.php:138
Stack trace:
#0 E:\LocalSites\bedrock-nauka\bedrock\web\app\themes\moj-motyw\vendor\illuminate\view\FileViewFinder.php(78): Illuminate\View\FileViewFinder->findInPaths('icons.arrow', Array)
#1 E:\LocalSites\bedrock-nauka\bedrock\web\app\themes\moj-motyw\vendor\illuminate\view\Factory.php(150): Illuminate\View\FileViewFinder->find('icons.arrow')
#2 E:\LocalSites\bedrock-nauka\bedrock\web\app\cache\acorn\framework\views\beda909866776872dd5ca9dc8ff95a37.php(36): Illuminate\View\Factory->make('icons.arrow', Array)
#3 E:\LocalSites\bedrock-nauka\bedrock\web\app\themes\moj-motyw\vendor\illuminate\filesystem\Filesystem.php(123): require('E:\\LocalSites\\b...')
#4 E:\LocalSites\bedrock-nauka\bedrock\web\app\themes\moj-motyw\vendor\illuminate\filesystem\Filesystem.php(124): Illuminate\Filesystem\Filesystem::{closure:Illuminate\Filesystem\Filesystem::getRequire():120}()
#5 E:\LocalSites\bedrock-nauka\bedrock\web\app\themes\moj-motyw\vendor\illuminate\view\Engines\PhpEngine.php(57): Illuminate\Filesystem\Filesystem->getRequire('E:\\LocalSites\\b...', Array)
#6 E:\LocalSites\bedrock-nauka\bedrock\web\app\themes\moj-motyw\vendor\illuminate\view\Engines\CompilerEngine.php(76): Illuminate\View\Engines\PhpEngine->evaluatePath('E:\\LocalSites\\b...', Array)
#7 E:\LocalSites\bedrock-nauka\bedrock\web\app\themes\moj-motyw\vendor\illuminate\view\View.php(208): Illuminate\View\Engines\CompilerEngine->get('E:\\LocalSites\\b...', Array)
#8 E:\LocalSites\bedrock-nauka\bedrock\web\app\themes\moj-motyw\vendor\illuminate\view\View.php(191): Illuminate\View\View->getContents()
#9 E:\LocalSites\bedrock-nauka\bedrock\web\app\themes\moj-motyw\vendor\illuminate\view\View.php(160): Illuminate\View\View->renderContents()
#10 E:\LocalSites\bedrock-nauka\bedrock\web\app\themes\moj-motyw\index.php(3): Illuminate\View\View->render()
#11 E:\LocalSites\bedrock-nauka\bedrock\web\wp\wp-includes\template-loader.php(125): include('E:\\LocalSites\\b...')
#12 E:\LocalSites\bedrock-nauka\bedrock\web\wp\wp-blog-header.php(19): require_once('E:\\LocalSites\\b...')
#13 E:\LocalSites\bedrock-nauka\bedrock\web\index.php(7): require('E:\\LocalSites\\b...')
#14 {main}

Next Illuminate\View\ViewException: View [icons.arrow] not found. (View: E:\LocalSites\bedrock-nauka\bedrock\web\app\themes\moj-motyw\resources\views\page.blade.php) in E:\LocalSites\bedrock-nauka\bedrock\web\app\themes\moj-motyw\vendor\illuminate\view\FileViewFinder.php:138
Stack trace:
#0 E:\LocalSites\bedrock-nauka\bedrock\web\app\themes\moj-motyw\vendor\illuminate\view\Engines\PhpEngine.php(59): Illuminate\View\Engines\CompilerEngine->handleViewException(Object(InvalidArgumentException), 2)
#1 E:\LocalSites\bedrock-nauka\bedrock\web\app\themes\moj-motyw\vendor\illuminate\view\Engines\CompilerEngine.php(76): Illuminate\View\Engines\PhpEngine->evaluatePath('E:\\LocalSites\\b...', Array)
#2 E:\LocalSites\bedrock-nauka\bedrock\web\app\themes\moj-motyw\vendor\illuminate\view\View.php(208): Illuminate\View\Engines\CompilerEngine->get('E:\\LocalSites\\b...', Array)
#3 E:\LocalSites\bedrock-nauka\bedrock\web\app\themes\moj-motyw\vendor\illuminate\view\View.php(191): Illuminate\View\View->getContents()
#4 E:\LocalSites\bedrock-nauka\bedrock\web\app\themes\moj-motyw\vendor\illuminate\view\View.php(160): Illuminate\View\View->renderContents()
#5 E:\LocalSites\bedrock-nauka\bedrock\web\app\themes\moj-motyw\index.php(3): Illuminate\View\View->render()
#6 E:\LocalSites\bedrock-nauka\bedrock\web\wp\wp-includes\template-loader.php(125): include('E:\\LocalSites\\b...')
#7 E:\LocalSites\bedrock-nauka\bedrock\web\wp\wp-blog-header.php(19): require_once('E:\\LocalSites\\b...')
#8 E:\LocalSites\bedrock-nauka\bedrock\web\index.php(7): require('E:\\LocalSites\\b...')
#9 {main}
  thrown in E:\LocalSites\bedrock-nauka\bedrock\web\app\themes\moj-motyw\vendor\illuminate\view\FileViewFinder.php on line 138
[20-Feb-2026 22:07:55 UTC] PHP Fatal error:  Uncaught InvalidArgumentException: Unable to locate a class or view for component [icon.arrow-down]. in E:\LocalSites\bedrock-nauka\bedrock\web\app\themes\moj-motyw\vendor\illuminate\view\Compilers\ComponentTagCompiler.php:315
Stack trace:
#0 E:\LocalSites\bedrock-nauka\bedrock\web\app\themes\moj-motyw\vendor\illuminate\view\Compilers\ComponentTagCompiler.php(235): Illuminate\View\Compilers\ComponentTagCompiler->componentClass('icon.arrow-down')
#1 E:\LocalSites\bedrock-nauka\bedrock\web\app\themes\moj-motyw\vendor\illuminate\view\Compilers\ComponentTagCompiler.php(220): Illuminate\View\Compilers\ComponentTagCompiler->componentString('icon.arrow-down', Array)
#2 [internal function]: Illuminate\View\Compilers\ComponentTagCompiler->{closure:Illuminate\View\Compilers\ComponentTagCompiler::compileSelfClosingTags():215}(Array)
#3 E:\LocalSites\bedrock-nauka\bedrock\web\app\themes\moj-motyw\vendor\illuminate\view\Compilers\ComponentTagCompiler.php(215): preg_replace_callback('/\n            <...', Object(Closure), '@extends('layou...')
#4 E:\LocalSites\bedrock-nauka\bedrock\web\app\themes\moj-motyw\vendor\illuminate\view\Compilers\ComponentTagCompiler.php(89): Illuminate\View\Compilers\ComponentTagCompiler->compileSelfClosingTags('@extends('layou...')
#5 E:\LocalSites\bedrock-nauka\bedrock\web\app\themes\moj-motyw\vendor\illuminate\view\Compilers\ComponentTagCompiler.php(76): Illuminate\View\Compilers\ComponentTagCompiler->compileTags('@extends('layou...')
#6 E:\LocalSites\bedrock-nauka\bedrock\web\app\themes\moj-motyw\vendor\illuminate\view\Compilers\BladeCompiler.php(456): Illuminate\View\Compilers\ComponentTagCompiler->compile('@extends('layou...')
#7 E:\LocalSites\bedrock-nauka\bedrock\web\app\themes\moj-motyw\vendor\illuminate\view\Compilers\BladeCompiler.php(288): Illuminate\View\Compilers\BladeCompiler->compileComponentTags('@extends('layou...')
#8 E:\LocalSites\bedrock-nauka\bedrock\web\app\themes\moj-motyw\vendor\illuminate\view\Compilers\BladeCompiler.php(188): Illuminate\View\Compilers\BladeCompiler->compileString('@extends('layou...')
#9 E:\LocalSites\bedrock-nauka\bedrock\web\app\themes\moj-motyw\vendor\illuminate\view\Engines\CompilerEngine.php(68): Illuminate\View\Compilers\BladeCompiler->compile('E:\\LocalSites\\b...')
#10 E:\LocalSites\bedrock-nauka\bedrock\web\app\themes\moj-motyw\vendor\illuminate\view\View.php(208): Illuminate\View\Engines\CompilerEngine->get('E:\\LocalSites\\b...', Array)
#11 E:\LocalSites\bedrock-nauka\bedrock\web\app\themes\moj-motyw\vendor\illuminate\view\View.php(191): Illuminate\View\View->getContents()
#12 E:\LocalSites\bedrock-nauka\bedrock\web\app\themes\moj-motyw\vendor\illuminate\view\View.php(160): Illuminate\View\View->renderContents()
#13 E:\LocalSites\bedrock-nauka\bedrock\web\app\themes\moj-motyw\index.php(3): Illuminate\View\View->render()
#14 E:\LocalSites\bedrock-nauka\bedrock\web\wp\wp-includes\template-loader.php(125): include('E:\\LocalSites\\b...')
#15 E:\LocalSites\bedrock-nauka\bedrock\web\wp\wp-blog-header.php(19): require_once('E:\\LocalSites\\b...')
#16 E:\LocalSites\bedrock-nauka\bedrock\web\index.php(7): require('E:\\LocalSites\\b...')
#17 {main}
  thrown in E:\LocalSites\bedrock-nauka\bedrock\web\app\themes\moj-motyw\vendor\illuminate\view\Compilers\ComponentTagCompiler.php on line 315
[20-Feb-2026 22:07:56 UTC] PHP Fatal error:  Uncaught InvalidArgumentException: Unable to locate a class or view for component [icon.arrow-down]. in E:\LocalSites\bedrock-nauka\bedrock\web\app\themes\moj-motyw\vendor\illuminate\view\Compilers\ComponentTagCompiler.php:315
Stack trace:
#0 E:\LocalSites\bedrock-nauka\bedrock\web\app\themes\moj-motyw\vendor\illuminate\view\Compilers\ComponentTagCompiler.php(235): Illuminate\View\Compilers\ComponentTagCompiler->componentClass('icon.arrow-down')
#1 E:\LocalSites\bedrock-nauka\bedrock\web\app\themes\moj-motyw\vendor\illuminate\view\Compilers\ComponentTagCompiler.php(220): Illuminate\View\Compilers\ComponentTagCompiler->componentString('icon.arrow-down', Array)
#2 [internal function]: Illuminate\View\Compilers\ComponentTagCompiler->{closure:Illuminate\View\Compilers\ComponentTagCompiler::compileSelfClosingTags():215}(Array)
#3 E:\LocalSites\bedrock-nauka\bedrock\web\app\themes\moj-motyw\vendor\illuminate\view\Compilers\ComponentTagCompiler.php(215): preg_replace_callback('/\n            <...', Object(Closure), '@extends('layou...')
#4 E:\LocalSites\bedrock-nauka\bedrock\web\app\themes\moj-motyw\vendor\illuminate\view\Compilers\ComponentTagCompiler.php(89): Illuminate\View\Compilers\ComponentTagCompiler->compileSelfClosingTags('@extends('layou...')
#5 E:\LocalSites\bedrock-nauka\bedrock\web\app\themes\moj-motyw\vendor\illuminate\view\Compilers\ComponentTagCompiler.php(76): Illuminate\View\Compilers\ComponentTagCompiler->compileTags('@extends('layou...')
#6 E:\LocalSites\bedrock-nauka\bedrock\web\app\themes\moj-motyw\vendor\illuminate\view\Compilers\BladeCompiler.php(456): Illuminate\View\Compilers\ComponentTagCompiler->compile('@extends('layou...')
#7 E:\LocalSites\bedrock-nauka\bedrock\web\app\themes\moj-motyw\vendor\illuminate\view\Compilers\BladeCompiler.php(288): Illuminate\View\Compilers\BladeCompiler->compileComponentTags('@extends('layou...')
#8 E:\LocalSites\bedrock-nauka\bedrock\web\app\themes\moj-motyw\vendor\illuminate\view\Compilers\BladeCompiler.php(188): Illuminate\View\Compilers\BladeCompiler->compileString('@extends('layou...')
#9 E:\LocalSites\bedrock-nauka\bedrock\web\app\themes\moj-motyw\vendor\illuminate\view\Engines\CompilerEngine.php(68): Illuminate\View\Compilers\BladeCompiler->compile('E:\\LocalSites\\b...')
#10 E:\LocalSites\bedrock-nauka\bedrock\web\app\themes\moj-motyw\vendor\illuminate\view\View.php(208): Illuminate\View\Engines\CompilerEngine->get('E:\\LocalSites\\b...', Array)
#11 E:\LocalSites\bedrock-nauka\bedrock\web\app\themes\moj-motyw\vendor\illuminate\view\View.php(191): Illuminate\View\View->getContents()
#12 E:\LocalSites\bedrock-nauka\bedrock\web\app\themes\moj-motyw\vendor\illuminate\view\View.php(160): Illuminate\View\View->renderContents()
#13 E:\LocalSites\bedrock-nauka\bedrock\web\app\themes\moj-motyw\index.php(3): Illuminate\View\View->render()
#14 E:\LocalSites\bedrock-nauka\bedrock\web\wp\wp-includes\template-loader.php(125): include('E:\\LocalSites\\b...')
#15 E:\LocalSites\bedrock-nauka\bedrock\web\wp\wp-blog-header.php(19): require_once('E:\\LocalSites\\b...')
#16 E:\LocalSites\bedrock-nauka\bedrock\web\index.php(7): require('E:\\LocalSites\\b...')
#17 {main}
  thrown in E:\LocalSites\bedrock-nauka\bedrock\web\app\themes\moj-motyw\vendor\illuminate\view\Compilers\ComponentTagCompiler.php on line 315
[20-Feb-2026 22:08:06 UTC] PHP Fatal error:  Uncaught InvalidArgumentException: Unable to locate a class or view for component [icons.arrow]. in E:\LocalSites\bedrock-nauka\bedrock\web\app\themes\moj-motyw\vendor\illuminate\view\Compilers\ComponentTagCompiler.php:315
Stack trace:
#0 E:\LocalSites\bedrock-nauka\bedrock\web\app\themes\moj-motyw\vendor\illuminate\view\Compilers\ComponentTagCompiler.php(235): Illuminate\View\Compilers\ComponentTagCompiler->componentClass('icons.arrow')
#1 E:\LocalSites\bedrock-nauka\bedrock\web\app\themes\moj-motyw\vendor\illuminate\view\Compilers\ComponentTagCompiler.php(220): Illuminate\View\Compilers\ComponentTagCompiler->componentString('icons.arrow', Array)
#2 [internal function]: Illuminate\View\Compilers\ComponentTagCompiler->{closure:Illuminate\View\Compilers\ComponentTagCompiler::compileSelfClosingTags():215}(Array)
#3 E:\LocalSites\bedrock-nauka\bedrock\web\app\themes\moj-motyw\vendor\illuminate\view\Compilers\ComponentTagCompiler.php(215): preg_replace_callback('/\n            <...', Object(Closure), '@extends('layou...')
#4 E:\LocalSites\bedrock-nauka\bedrock\web\app\themes\moj-motyw\vendor\illuminate\view\Compilers\ComponentTagCompiler.php(89): Illuminate\View\Compilers\ComponentTagCompiler->compileSelfClosingTags('@extends('layou...')
#5 E:\LocalSites\bedrock-nauka\bedrock\web\app\themes\moj-motyw\vendor\illuminate\view\Compilers\ComponentTagCompiler.php(76): Illuminate\View\Compilers\ComponentTagCompiler->compileTags('@extends('layou...')
#6 E:\LocalSites\bedrock-nauka\bedrock\web\app\themes\moj-motyw\vendor\illuminate\view\Compilers\BladeCompiler.php(456): Illuminate\View\Compilers\ComponentTagCompiler->compile('@extends('layou...')
#7 E:\LocalSites\bedrock-nauka\bedrock\web\app\themes\moj-motyw\vendor\illuminate\view\Compilers\BladeCompiler.php(288): Illuminate\View\Compilers\BladeCompiler->compileComponentTags('@extends('layou...')
#8 E:\LocalSites\bedrock-nauka\bedrock\web\app\themes\moj-motyw\vendor\illuminate\view\Compilers\BladeCompiler.php(188): Illuminate\View\Compilers\BladeCompiler->compileString('@extends('layou...')
#9 E:\LocalSites\bedrock-nauka\bedrock\web\app\themes\moj-motyw\vendor\illuminate\view\Engines\CompilerEngine.php(68): Illuminate\View\Compilers\BladeCompiler->compile('E:\\LocalSites\\b...')
#10 E:\LocalSites\bedrock-nauka\bedrock\web\app\themes\moj-motyw\vendor\illuminate\view\View.php(208): Illuminate\View\Engines\CompilerEngine->get('E:\\LocalSites\\b...', Array)
#11 E:\LocalSites\bedrock-nauka\bedrock\web\app\themes\moj-motyw\vendor\illuminate\view\View.php(191): Illuminate\View\View->getContents()
#12 E:\LocalSites\bedrock-nauka\bedrock\web\app\themes\moj-motyw\vendor\illuminate\view\View.php(160): Illuminate\View\View->renderContents()
#13 E:\LocalSites\bedrock-nauka\bedrock\web\app\themes\moj-motyw\index.php(3): Illuminate\View\View->render()
#14 E:\LocalSites\bedrock-nauka\bedrock\web\wp\wp-includes\template-loader.php(125): include('E:\\LocalSites\\b...')
#15 E:\LocalSites\bedrock-nauka\bedrock\web\wp\wp-blog-header.php(19): require_once('E:\\LocalSites\\b...')
#16 E:\LocalSites\bedrock-nauka\bedrock\web\index.php(7): require('E:\\LocalSites\\b...')
#17 {main}
  thrown in E:\LocalSites\bedrock-nauka\bedrock\web\app\themes\moj-motyw\vendor\illuminate\view\Compilers\ComponentTagCompiler.php on line 315
[20-Feb-2026 22:08:07 UTC] PHP Fatal error:  Uncaught InvalidArgumentException: Unable to locate a class or view for component [icons.arrow]. in E:\LocalSites\bedrock-nauka\bedrock\web\app\themes\moj-motyw\vendor\illuminate\view\Compilers\ComponentTagCompiler.php:315
Stack trace:
#0 E:\LocalSites\bedrock-nauka\bedrock\web\app\themes\moj-motyw\vendor\illuminate\view\Compilers\ComponentTagCompiler.php(235): Illuminate\View\Compilers\ComponentTagCompiler->componentClass('icons.arrow')
#1 E:\LocalSites\bedrock-nauka\bedrock\web\app\themes\moj-motyw\vendor\illuminate\view\Compilers\ComponentTagCompiler.php(220): Illuminate\View\Compilers\ComponentTagCompiler->componentString('icons.arrow', Array)
#2 [internal function]: Illuminate\View\Compilers\ComponentTagCompiler->{closure:Illuminate\View\Compilers\ComponentTagCompiler::compileSelfClosingTags():215}(Array)
#3 E:\LocalSites\bedrock-nauka\bedrock\web\app\themes\moj-motyw\vendor\illuminate\view\Compilers\ComponentTagCompiler.php(215): preg_replace_callback('/\n            <...', Object(Closure), '@extends('layou...')
#4 E:\LocalSites\bedrock-nauka\bedrock\web\app\themes\moj-motyw\vendor\illuminate\view\Compilers\ComponentTagCompiler.php(89): Illuminate\View\Compilers\ComponentTagCompiler->compileSelfClosingTags('@extends('layou...')
#5 E:\LocalSites\bedrock-nauka\bedrock\web\app\themes\moj-motyw\vendor\illuminate\view\Compilers\ComponentTagCompiler.php(76): Illuminate\View\Compilers\ComponentTagCompiler->compileTags('@extends('layou...')
#6 E:\LocalSites\bedrock-nauka\bedrock\web\app\themes\moj-motyw\vendor\illuminate\view\Compilers\BladeCompiler.php(456): Illuminate\View\Compilers\ComponentTagCompiler->compile('@extends('layou...')
#7 E:\LocalSites\bedrock-nauka\bedrock\web\app\themes\moj-motyw\vendor\illuminate\view\Compilers\BladeCompiler.php(288): Illuminate\View\Compilers\BladeCompiler->compileComponentTags('@extends('layou...')
#8 E:\LocalSites\bedrock-nauka\bedrock\web\app\themes\moj-motyw\vendor\illuminate\view\Compilers\BladeCompiler.php(188): Illuminate\View\Compilers\BladeCompiler->compileString('@extends('layou...')
#9 E:\LocalSites\bedrock-nauka\bedrock\web\app\themes\moj-motyw\vendor\illuminate\view\Engines\CompilerEngine.php(68): Illuminate\View\Compilers\BladeCompiler->compile('E:\\LocalSites\\b...')
#10 E:\LocalSites\bedrock-nauka\bedrock\web\app\themes\moj-motyw\vendor\illuminate\view\View.php(208): Illuminate\View\Engines\CompilerEngine->get('E:\\LocalSites\\b...', Array)
#11 E:\LocalSites\bedrock-nauka\bedrock\web\app\themes\moj-motyw\vendor\illuminate\view\View.php(191): Illuminate\View\View->getContents()
#12 E:\LocalSites\bedrock-nauka\bedrock\web\app\themes\moj-motyw\vendor\illuminate\view\View.php(160): Illuminate\View\View->renderContents()
#13 E:\LocalSites\bedrock-nauka\bedrock\web\app\themes\moj-motyw\index.php(3): Illuminate\View\View->render()
#14 E:\LocalSites\bedrock-nauka\bedrock\web\wp\wp-includes\template-loader.php(125): include('E:\\LocalSites\\b...')
#15 E:\LocalSites\bedrock-nauka\bedrock\web\wp\wp-blog-header.php(19): require_once('E:\\LocalSites\\b...')
#16 E:\LocalSites\bedrock-nauka\bedrock\web\index.php(7): require('E:\\LocalSites\\b...')
#17 {main}
  thrown in E:\LocalSites\bedrock-nauka\bedrock\web\app\themes\moj-motyw\vendor\illuminate\view\Compilers\ComponentTagCompiler.php on line 315
[20-Feb-2026 22:10:45 UTC] PHP Fatal error:  Uncaught InvalidArgumentException: Unable to locate a class or view for component [icons.arrow]. in E:\LocalSites\bedrock-nauka\bedrock\web\app\themes\moj-motyw\vendor\illuminate\view\Compilers\ComponentTagCompiler.php:315
Stack trace:
#0 E:\LocalSites\bedrock-nauka\bedrock\web\app\themes\moj-motyw\vendor\illuminate\view\Compilers\ComponentTagCompiler.php(235): Illuminate\View\Compilers\ComponentTagCompiler->componentClass('icons.arrow')
#1 E:\LocalSites\bedrock-nauka\bedrock\web\app\themes\moj-motyw\vendor\illuminate\view\Compilers\ComponentTagCompiler.php(220): Illuminate\View\Compilers\ComponentTagCompiler->componentString('icons.arrow', Array)
#2 [internal function]: Illuminate\View\Compilers\ComponentTagCompiler->{closure:Illuminate\View\Compilers\ComponentTagCompiler::compileSelfClosingTags():215}(Array)
#3 E:\LocalSites\bedrock-nauka\bedrock\web\app\themes\moj-motyw\vendor\illuminate\view\Compilers\ComponentTagCompiler.php(215): preg_replace_callback('/\n            <...', Object(Closure), '@extends('layou...')
#4 E:\LocalSites\bedrock-nauka\bedrock\web\app\themes\moj-motyw\vendor\illuminate\view\Compilers\ComponentTagCompiler.php(89): Illuminate\View\Compilers\ComponentTagCompiler->compileSelfClosingTags('@extends('layou...')
#5 E:\LocalSites\bedrock-nauka\bedrock\web\app\themes\moj-motyw\vendor\illuminate\view\Compilers\ComponentTagCompiler.php(76): Illuminate\View\Compilers\ComponentTagCompiler->compileTags('@extends('layou...')
#6 E:\LocalSites\bedrock-nauka\bedrock\web\app\themes\moj-motyw\vendor\illuminate\view\Compilers\BladeCompiler.php(456): Illuminate\View\Compilers\ComponentTagCompiler->compile('@extends('layou...')
#7 E:\LocalSites\bedrock-nauka\bedrock\web\app\themes\moj-motyw\vendor\illuminate\view\Compilers\BladeCompiler.php(288): Illuminate\View\Compilers\BladeCompiler->compileComponentTags('@extends('layou...')
#8 E:\LocalSites\bedrock-nauka\bedrock\web\app\themes\moj-motyw\vendor\illuminate\view\Compilers\BladeCompiler.php(188): Illuminate\View\Compilers\BladeCompiler->compileString('@extends('layou...')
#9 E:\LocalSites\bedrock-nauka\bedrock\web\app\themes\moj-motyw\vendor\illuminate\view\Engines\CompilerEngine.php(68): Illuminate\View\Compilers\BladeCompiler->compile('E:\\LocalSites\\b...')
#10 E:\LocalSites\bedrock-nauka\bedrock\web\app\themes\moj-motyw\vendor\illuminate\view\View.php(208): Illuminate\View\Engines\CompilerEngine->get('E:\\LocalSites\\b...', Array)
#11 E:\LocalSites\bedrock-nauka\bedrock\web\app\themes\moj-motyw\vendor\illuminate\view\View.php(191): Illuminate\View\View->getContents()
#12 E:\LocalSites\bedrock-nauka\bedrock\web\app\themes\moj-motyw\vendor\illuminate\view\View.php(160): Illuminate\View\View->renderContents()
#13 E:\LocalSites\bedrock-nauka\bedrock\web\app\themes\moj-motyw\index.php(3): Illuminate\View\View->render()
#14 E:\LocalSites\bedrock-nauka\bedrock\web\wp\wp-includes\template-loader.php(125): include('E:\\LocalSites\\b...')
#15 E:\LocalSites\bedrock-nauka\bedrock\web\wp\wp-blog-header.php(19): require_once('E:\\LocalSites\\b...')
#16 E:\LocalSites\bedrock-nauka\bedrock\web\index.php(7): require('E:\\LocalSites\\b...')
#17 {main}
  thrown in E:\LocalSites\bedrock-nauka\bedrock\web\app\themes\moj-motyw\vendor\illuminate\view\Compilers\ComponentTagCompiler.php on line 315
[20-Feb-2026 22:10:45 UTC] PHP Fatal error:  Uncaught InvalidArgumentException: Unable to locate a class or view for component [icons.arrow]. in E:\LocalSites\bedrock-nauka\bedrock\web\app\themes\moj-motyw\vendor\illuminate\view\Compilers\ComponentTagCompiler.php:315
Stack trace:
#0 E:\LocalSites\bedrock-nauka\bedrock\web\app\themes\moj-motyw\vendor\illuminate\view\Compilers\ComponentTagCompiler.php(235): Illuminate\View\Compilers\ComponentTagCompiler->componentClass('icons.arrow')
#1 E:\LocalSites\bedrock-nauka\bedrock\web\app\themes\moj-motyw\vendor\illuminate\view\Compilers\ComponentTagCompiler.php(220): Illuminate\View\Compilers\ComponentTagCompiler->componentString('icons.arrow', Array)
#2 [internal function]: Illuminate\View\Compilers\ComponentTagCompiler->{closure:Illuminate\View\Compilers\ComponentTagCompiler::compileSelfClosingTags():215}(Array)
#3 E:\LocalSites\bedrock-nauka\bedrock\web\app\themes\moj-motyw\vendor\illuminate\view\Compilers\ComponentTagCompiler.php(215): preg_replace_callback('/\n            <...', Object(Closure), '@extends('layou...')
#4 E:\LocalSites\bedrock-nauka\bedrock\web\app\themes\moj-motyw\vendor\illuminate\view\Compilers\ComponentTagCompiler.php(89): Illuminate\View\Compilers\ComponentTagCompiler->compileSelfClosingTags('@extends('layou...')
#5 E:\LocalSites\bedrock-nauka\bedrock\web\app\themes\moj-motyw\vendor\illuminate\view\Compilers\ComponentTagCompiler.php(76): Illuminate\View\Compilers\ComponentTagCompiler->compileTags('@extends('layou...')
#6 E:\LocalSites\bedrock-nauka\bedrock\web\app\themes\moj-motyw\vendor\illuminate\view\Compilers\BladeCompiler.php(456): Illuminate\View\Compilers\ComponentTagCompiler->compile('@extends('layou...')
#7 E:\LocalSites\bedrock-nauka\bedrock\web\app\themes\moj-motyw\vendor\illuminate\view\Compilers\BladeCompiler.php(288): Illuminate\View\Compilers\BladeCompiler->compileComponentTags('@extends('layou...')
#8 E:\LocalSites\bedrock-nauka\bedrock\web\app\themes\moj-motyw\vendor\illuminate\view\Compilers\BladeCompiler.php(188): Illuminate\View\Compilers\BladeCompiler->compileString('@extends('layou...')
#9 E:\LocalSites\bedrock-nauka\bedrock\web\app\themes\moj-motyw\vendor\illuminate\view\Engines\CompilerEngine.php(68): Illuminate\View\Compilers\BladeCompiler->compile('E:\\LocalSites\\b...')
#10 E:\LocalSites\bedrock-nauka\bedrock\web\app\themes\moj-motyw\vendor\illuminate\view\View.php(208): Illuminate\View\Engines\CompilerEngine->get('E:\\LocalSites\\b...', Array)
#11 E:\LocalSites\bedrock-nauka\bedrock\web\app\themes\moj-motyw\vendor\illuminate\view\View.php(191): Illuminate\View\View->getContents()
#12 E:\LocalSites\bedrock-nauka\bedrock\web\app\themes\moj-motyw\vendor\illuminate\view\View.php(160): Illuminate\View\View->renderContents()
#13 E:\LocalSites\bedrock-nauka\bedrock\web\app\themes\moj-motyw\index.php(3): Illuminate\View\View->render()
#14 E:\LocalSites\bedrock-nauka\bedrock\web\wp\wp-includes\template-loader.php(125): include('E:\\LocalSites\\b...')
#15 E:\LocalSites\bedrock-nauka\bedrock\web\wp\wp-blog-header.php(19): require_once('E:\\LocalSites\\b...')
#16 E:\LocalSites\bedrock-nauka\bedrock\web\index.php(7): require('E:\\LocalSites\\b...')
#17 {main}
  thrown in E:\LocalSites\bedrock-nauka\bedrock\web\app\themes\moj-motyw\vendor\illuminate\view\Compilers\ComponentTagCompiler.php on line 315
[20-Feb-2026 22:13:43 UTC] PHP Fatal error:  Uncaught InvalidArgumentException: Unable to locate a class or view for component [icons.arrow]. in E:\LocalSites\bedrock-nauka\bedrock\web\app\themes\moj-motyw\vendor\illuminate\view\Compilers\ComponentTagCompiler.php:315
Stack trace:
#0 E:\LocalSites\bedrock-nauka\bedrock\web\app\themes\moj-motyw\vendor\illuminate\view\Compilers\ComponentTagCompiler.php(235): Illuminate\View\Compilers\ComponentTagCompiler->componentClass('icons.arrow')
#1 E:\LocalSites\bedrock-nauka\bedrock\web\app\themes\moj-motyw\vendor\illuminate\view\Compilers\ComponentTagCompiler.php(220): Illuminate\View\Compilers\ComponentTagCompiler->componentString('icons.arrow', Array)
#2 [internal function]: Illuminate\View\Compilers\ComponentTagCompiler->{closure:Illuminate\View\Compilers\ComponentTagCompiler::compileSelfClosingTags():215}(Array)
#3 E:\LocalSites\bedrock-nauka\bedrock\web\app\themes\moj-motyw\vendor\illuminate\view\Compilers\ComponentTagCompiler.php(215): preg_replace_callback('/\n            <...', Object(Closure), '@extends('layou...')
#4 E:\LocalSites\bedrock-nauka\bedrock\web\app\themes\moj-motyw\vendor\illuminate\view\Compilers\ComponentTagCompiler.php(89): Illuminate\View\Compilers\ComponentTagCompiler->compileSelfClosingTags('@extends('layou...')
#5 E:\LocalSites\bedrock-nauka\bedrock\web\app\themes\moj-motyw\vendor\illuminate\view\Compilers\ComponentTagCompiler.php(76): Illuminate\View\Compilers\ComponentTagCompiler->compileTags('@extends('layou...')
#6 E:\LocalSites\bedrock-nauka\bedrock\web\app\themes\moj-motyw\vendor\illuminate\view\Compilers\BladeCompiler.php(456): Illuminate\View\Compilers\ComponentTagCompiler->compile('@extends('layou...')
#7 E:\LocalSites\bedrock-nauka\bedrock\web\app\themes\moj-motyw\vendor\illuminate\view\Compilers\BladeCompiler.php(288): Illuminate\View\Compilers\BladeCompiler->compileComponentTags('@extends('layou...')
#8 E:\LocalSites\bedrock-nauka\bedrock\web\app\themes\moj-motyw\vendor\illuminate\view\Compilers\BladeCompiler.php(188): Illuminate\View\Compilers\BladeCompiler->compileString('@extends('layou...')
#9 E:\LocalSites\bedrock-nauka\bedrock\web\app\themes\moj-motyw\vendor\illuminate\view\Engines\CompilerEngine.php(68): Illuminate\View\Compilers\BladeCompiler->compile('E:\\LocalSites\\b...')
#10 E:\LocalSites\bedrock-nauka\bedrock\web\app\themes\moj-motyw\vendor\illuminate\view\View.php(208): Illuminate\View\Engines\CompilerEngine->get('E:\\LocalSites\\b...', Array)
#11 E:\LocalSites\bedrock-nauka\bedrock\web\app\themes\moj-motyw\vendor\illuminate\view\View.php(191): Illuminate\View\View->getContents()
#12 E:\LocalSites\bedrock-nauka\bedrock\web\app\themes\moj-motyw\vendor\illuminate\view\View.php(160): Illuminate\View\View->renderContents()
#13 E:\LocalSites\bedrock-nauka\bedrock\web\app\themes\moj-motyw\index.php(3): Illuminate\View\View->render()
#14 E:\LocalSites\bedrock-nauka\bedrock\web\wp\wp-includes\template-loader.php(125): include('E:\\LocalSites\\b...')
#15 E:\LocalSites\bedrock-nauka\bedrock\web\wp\wp-blog-header.php(19): require_once('E:\\LocalSites\\b...')
#16 E:\LocalSites\bedrock-nauka\bedrock\web\index.php(7): require('E:\\LocalSites\\b...')
#17 {main}
  thrown in E:\LocalSites\bedrock-nauka\bedrock\web\app\themes\moj-motyw\vendor\illuminate\view\Compilers\ComponentTagCompiler.php on line 315
[20-Feb-2026 22:13:44 UTC] PHP Fatal error:  Uncaught InvalidArgumentException: Unable to locate a class or view for component [icons.arrow]. in E:\LocalSites\bedrock-nauka\bedrock\web\app\themes\moj-motyw\vendor\illuminate\view\Compilers\ComponentTagCompiler.php:315
Stack trace:
#0 E:\LocalSites\bedrock-nauka\bedrock\web\app\themes\moj-motyw\vendor\illuminate\view\Compilers\ComponentTagCompiler.php(235): Illuminate\View\Compilers\ComponentTagCompiler->componentClass('icons.arrow')
#1 E:\LocalSites\bedrock-nauka\bedrock\web\app\themes\moj-motyw\vendor\illuminate\view\Compilers\ComponentTagCompiler.php(220): Illuminate\View\Compilers\ComponentTagCompiler->componentString('icons.arrow', Array)
#2 [internal function]: Illuminate\View\Compilers\ComponentTagCompiler->{closure:Illuminate\View\Compilers\ComponentTagCompiler::compileSelfClosingTags():215}(Array)
#3 E:\LocalSites\bedrock-nauka\bedrock\web\app\themes\moj-motyw\vendor\illuminate\view\Compilers\ComponentTagCompiler.php(215): preg_replace_callback('/\n            <...', Object(Closure), '@extends('layou...')
#4 E:\LocalSites\bedrock-nauka\bedrock\web\app\themes\moj-motyw\vendor\illuminate\view\Compilers\ComponentTagCompiler.php(89): Illuminate\View\Compilers\ComponentTagCompiler->compileSelfClosingTags('@extends('layou...')
#5 E:\LocalSites\bedrock-nauka\bedrock\web\app\themes\moj-motyw\vendor\illuminate\view\Compilers\ComponentTagCompiler.php(76): Illuminate\View\Compilers\ComponentTagCompiler->compileTags('@extends('layou...')
#6 E:\LocalSites\bedrock-nauka\bedrock\web\app\themes\moj-motyw\vendor\illuminate\view\Compilers\BladeCompiler.php(456): Illuminate\View\Compilers\ComponentTagCompiler->compile('@extends('layou...')
#7 E:\LocalSites\bedrock-nauka\bedrock\web\app\themes\moj-motyw\vendor\illuminate\view\Compilers\BladeCompiler.php(288): Illuminate\View\Compilers\BladeCompiler->compileComponentTags('@extends('layou...')
#8 E:\LocalSites\bedrock-nauka\bedrock\web\app\themes\moj-motyw\vendor\illuminate\view\Compilers\BladeCompiler.php(188): Illuminate\View\Compilers\BladeCompiler->compileString('@extends('layou...')
#9 E:\LocalSites\bedrock-nauka\bedrock\web\app\themes\moj-motyw\vendor\illuminate\view\Engines\CompilerEngine.php(68): Illuminate\View\Compilers\BladeCompiler->compile('E:\\LocalSites\\b...')
#10 E:\LocalSites\bedrock-nauka\bedrock\web\app\themes\moj-motyw\vendor\illuminate\view\View.php(208): Illuminate\View\Engines\CompilerEngine->get('E:\\LocalSites\\b...', Array)
#11 E:\LocalSites\bedrock-nauka\bedrock\web\app\themes\moj-motyw\vendor\illuminate\view\View.php(191): Illuminate\View\View->getContents()
#12 E:\LocalSites\bedrock-nauka\bedrock\web\app\themes\moj-motyw\vendor\illuminate\view\View.php(160): Illuminate\View\View->renderContents()
#13 E:\LocalSites\bedrock-nauka\bedrock\web\app\themes\moj-motyw\index.php(3): Illuminate\View\View->render()
#14 E:\LocalSites\bedrock-nauka\bedrock\web\wp\wp-includes\template-loader.php(125): include('E:\\LocalSites\\b...')
#15 E:\LocalSites\bedrock-nauka\bedrock\web\wp\wp-blog-header.php(19): require_once('E:\\LocalSites\\b...')
#16 E:\LocalSites\bedrock-nauka\bedrock\web\index.php(7): require('E:\\LocalSites\\b...')
#17 {main}
  thrown in E:\LocalSites\bedrock-nauka\bedrock\web\app\themes\moj-motyw\vendor\illuminate\view\Compilers\ComponentTagCompiler.php on line 315
[20-Feb-2026 22:13:44 UTC] PHP Fatal error:  Uncaught InvalidArgumentException: Unable to locate a class or view for component [icons.arrow]. in E:\LocalSites\bedrock-nauka\bedrock\web\app\themes\moj-motyw\vendor\illuminate\view\Compilers\ComponentTagCompiler.php:315
Stack trace:
#0 E:\LocalSites\bedrock-nauka\bedrock\web\app\themes\moj-motyw\vendor\illuminate\view\Compilers\ComponentTagCompiler.php(235): Illuminate\View\Compilers\ComponentTagCompiler->componentClass('icons.arrow')
#1 E:\LocalSites\bedrock-nauka\bedrock\web\app\themes\moj-motyw\vendor\illuminate\view\Compilers\ComponentTagCompiler.php(220): Illuminate\View\Compilers\ComponentTagCompiler->componentString('icons.arrow', Array)
#2 [internal function]: Illuminate\View\Compilers\ComponentTagCompiler->{closure:Illuminate\View\Compilers\ComponentTagCompiler::compileSelfClosingTags():215}(Array)
#3 E:\LocalSites\bedrock-nauka\bedrock\web\app\themes\moj-motyw\vendor\illuminate\view\Compilers\ComponentTagCompiler.php(215): preg_replace_callback('/\n            <...', Object(Closure), '@extends('layou...')
#4 E:\LocalSites\bedrock-nauka\bedrock\web\app\themes\moj-motyw\vendor\illuminate\view\Compilers\ComponentTagCompiler.php(89): Illuminate\View\Compilers\ComponentTagCompiler->compileSelfClosingTags('@extends('layou...')
#5 E:\LocalSites\bedrock-nauka\bedrock\web\app\themes\moj-motyw\vendor\illuminate\view\Compilers\ComponentTagCompiler.php(76): Illuminate\View\Compilers\ComponentTagCompiler->compileTags('@extends('layou...')
#6 E:\LocalSites\bedrock-nauka\bedrock\web\app\themes\moj-motyw\vendor\illuminate\view\Compilers\BladeCompiler.php(456): Illuminate\View\Compilers\ComponentTagCompiler->compile('@extends('layou...')
#7 E:\LocalSites\bedrock-nauka\bedrock\web\app\themes\moj-motyw\vendor\illuminate\view\Compilers\BladeCompiler.php(288): Illuminate\View\Compilers\BladeCompiler->compileComponentTags('@extends('layou...')
#8 E:\LocalSites\bedrock-nauka\bedrock\web\app\themes\moj-motyw\vendor\illuminate\view\Compilers\BladeCompiler.php(188): Illuminate\View\Compilers\BladeCompiler->compileString('@extends('layou...')
#9 E:\LocalSites\bedrock-nauka\bedrock\web\app\themes\moj-motyw\vendor\illuminate\view\Engines\CompilerEngine.php(68): Illuminate\View\Compilers\BladeCompiler->compile('E:\\LocalSites\\b...')
#10 E:\LocalSites\bedrock-nauka\bedrock\web\app\themes\moj-motyw\vendor\illuminate\view\View.php(208): Illuminate\View\Engines\CompilerEngine->get('E:\\LocalSites\\b...', Array)
#11 E:\LocalSites\bedrock-nauka\bedrock\web\app\themes\moj-motyw\vendor\illuminate\view\View.php(191): Illuminate\View\View->getContents()
#12 E:\LocalSites\bedrock-nauka\bedrock\web\app\themes\moj-motyw\vendor\illuminate\view\View.php(160): Illuminate\View\View->renderContents()
#13 E:\LocalSites\bedrock-nauka\bedrock\web\app\themes\moj-motyw\index.php(3): Illuminate\View\View->render()
#14 E:\LocalSites\bedrock-nauka\bedrock\web\wp\wp-includes\template-loader.php(125): include('E:\\LocalSites\\b...')
#15 E:\LocalSites\bedrock-nauka\bedrock\web\wp\wp-blog-header.php(19): require_once('E:\\LocalSites\\b...')
#16 E:\LocalSites\bedrock-nauka\bedrock\web\index.php(7): require('E:\\LocalSites\\b...')
#17 {main}
  thrown in E:\LocalSites\bedrock-nauka\bedrock\web\app\themes\moj-motyw\vendor\illuminate\view\Compilers\ComponentTagCompiler.php on line 315
[20-Feb-2026 22:13:44 UTC] PHP Fatal error:  Uncaught InvalidArgumentException: Unable to locate a class or view for component [icons.arrow]. in E:\LocalSites\bedrock-nauka\bedrock\web\app\themes\moj-motyw\vendor\illuminate\view\Compilers\ComponentTagCompiler.php:315
Stack trace:
#0 E:\LocalSites\bedrock-nauka\bedrock\web\app\themes\moj-motyw\vendor\illuminate\view\Compilers\ComponentTagCompiler.php(235): Illuminate\View\Compilers\ComponentTagCompiler->componentClass('icons.arrow')
#1 E:\LocalSites\bedrock-nauka\bedrock\web\app\themes\moj-motyw\vendor\illuminate\view\Compilers\ComponentTagCompiler.php(220): Illuminate\View\Compilers\ComponentTagCompiler->componentString('icons.arrow', Array)
#2 [internal function]: Illuminate\View\Compilers\ComponentTagCompiler->{closure:Illuminate\View\Compilers\ComponentTagCompiler::compileSelfClosingTags():215}(Array)
#3 E:\LocalSites\bedrock-nauka\bedrock\web\app\themes\moj-motyw\vendor\illuminate\view\Compilers\ComponentTagCompiler.php(215): preg_replace_callback('/\n            <...', Object(Closure), '@extends('layou...')
#4 E:\LocalSites\bedrock-nauka\bedrock\web\app\themes\moj-motyw\vendor\illuminate\view\Compilers\ComponentTagCompiler.php(89): Illuminate\View\Compilers\ComponentTagCompiler->compileSelfClosingTags('@extends('layou...')
#5 E:\LocalSites\bedrock-nauka\bedrock\web\app\themes\moj-motyw\vendor\illuminate\view\Compilers\ComponentTagCompiler.php(76): Illuminate\View\Compilers\ComponentTagCompiler->compileTags('@extends('layou...')
#6 E:\LocalSites\bedrock-nauka\bedrock\web\app\themes\moj-motyw\vendor\illuminate\view\Compilers\BladeCompiler.php(456): Illuminate\View\Compilers\ComponentTagCompiler->compile('@extends('layou...')
#7 E:\LocalSites\bedrock-nauka\bedrock\web\app\themes\moj-motyw\vendor\illuminate\view\Compilers\BladeCompiler.php(288): Illuminate\View\Compilers\BladeCompiler->compileComponentTags('@extends('layou...')
#8 E:\LocalSites\bedrock-nauka\bedrock\web\app\themes\moj-motyw\vendor\illuminate\view\Compilers\BladeCompiler.php(188): Illuminate\View\Compilers\BladeCompiler->compileString('@extends('layou...')
#9 E:\LocalSites\bedrock-nauka\bedrock\web\app\themes\moj-motyw\vendor\illuminate\view\Engines\CompilerEngine.php(68): Illuminate\View\Compilers\BladeCompiler->compile('E:\\LocalSites\\b...')
#10 E:\LocalSites\bedrock-nauka\bedrock\web\app\themes\moj-motyw\vendor\illuminate\view\View.php(208): Illuminate\View\Engines\CompilerEngine->get('E:\\LocalSites\\b...', Array)
#11 E:\LocalSites\bedrock-nauka\bedrock\web\app\themes\moj-motyw\vendor\illuminate\view\View.php(191): Illuminate\View\View->getContents()
#12 E:\LocalSites\bedrock-nauka\bedrock\web\app\themes\moj-motyw\vendor\illuminate\view\View.php(160): Illuminate\View\View->renderContents()
#13 E:\LocalSites\bedrock-nauka\bedrock\web\app\themes\moj-motyw\index.php(3): Illuminate\View\View->render()
#14 E:\LocalSites\bedrock-nauka\bedrock\web\wp\wp-includes\template-loader.php(125): include('E:\\LocalSites\\b...')
#15 E:\LocalSites\bedrock-nauka\bedrock\web\wp\wp-blog-header.php(19): require_once('E:\\LocalSites\\b...')
#16 E:\LocalSites\bedrock-nauka\bedrock\web\index.php(7): require('E:\\LocalSites\\b...')
#17 {main}
  thrown in E:\LocalSites\bedrock-nauka\bedrock\web\app\themes\moj-motyw\vendor\illuminate\view\Compilers\ComponentTagCompiler.php on line 315
[20-Feb-2026 22:33:47 UTC] PHP Fatal error:  Uncaught ParseError: syntax error, unexpected token "public", expecting "," or ";" in E:\LocalSites\bedrock-nauka\bedrock\web\app\themes\moj-motyw\app\View\Composers\Page.php:13
Stack trace:
#0 E:\LocalSites\bedrock-nauka\bedrock\vendor\composer\ClassLoader.php(427): {closure:Composer\Autoload\ClassLoader::initializeIncludeClosure():575}('E:\\LocalSites\\b...')
#1 [internal function]: Composer\Autoload\ClassLoader->loadClass('App\\View\\Compos...')
#2 E:\LocalSites\bedrock-nauka\bedrock\web\app\themes\moj-motyw\vendor\roots\acorn\src\Roots\Acorn\View\ViewServiceProvider.php(195): is_subclass_of('App\\View\\Compos...', 'Roots\\Acorn\\Vie...')
#3 E:\LocalSites\bedrock-nauka\bedrock\web\app\themes\moj-motyw\vendor\roots\acorn\src\Roots\Acorn\View\ViewServiceProvider.php(37): Roots\Acorn\View\ViewServiceProvider->attachComposers()
#4 E:\LocalSites\bedrock-nauka\bedrock\web\app\themes\moj-motyw\vendor\illuminate\container\BoundMethod.php(36): Roots\Acorn\View\ViewServiceProvider->boot()
#5 E:\LocalSites\bedrock-nauka\bedrock\web\app\themes\moj-motyw\vendor\illuminate\container\Util.php(43): Illuminate\Container\BoundMethod::{closure:Illuminate\Container\BoundMethod::call():35}()
#6 E:\LocalSites\bedrock-nauka\bedrock\web\app\themes\moj-motyw\vendor\illuminate\container\BoundMethod.php(96): Illuminate\Container\Util::unwrapIfClosure(Object(Closure))
#7 E:\LocalSites\bedrock-nauka\bedrock\web\app\themes\moj-motyw\vendor\illuminate\container\BoundMethod.php(35): Illuminate\Container\BoundMethod::callBoundMethod(Object(Roots\Acorn\Application), Array, Object(Closure))
#8 E:\LocalSites\bedrock-nauka\bedrock\web\app\themes\moj-motyw\vendor\illuminate\container\Container.php(799): Illuminate\Container\BoundMethod::call(Object(Roots\Acorn\Application), Array, Array, NULL)
#9 E:\LocalSites\bedrock-nauka\bedrock\web\app\themes\moj-motyw\vendor\roots\acorn\src\Illuminate\Foundation\Application.php(1150): Illuminate\Container\Container->call(Array)
#10 E:\LocalSites\bedrock-nauka\bedrock\web\app\themes\moj-motyw\vendor\roots\acorn\src\Roots\Acorn\Application.php(311): Illuminate\Foundation\Application->bootProvider(Object(Roots\Acorn\View\ViewServiceProvider))
#11 E:\LocalSites\bedrock-nauka\bedrock\web\app\themes\moj-motyw\vendor\roots\acorn\src\Illuminate\Foundation\Application.php(1131): Roots\Acorn\Application->bootProvider(Object(Roots\Acorn\View\ViewServiceProvider))
#12 [internal function]: Illuminate\Foundation\Application->{closure:Illuminate\Foundation\Application::boot():1130}(Object(Roots\Acorn\View\ViewServiceProvider), 'Roots\\Acorn\\Vie...')
#13 E:\LocalSites\bedrock-nauka\bedrock\web\app\themes\moj-motyw\vendor\roots\acorn\src\Illuminate\Foundation\Application.php(1130): array_walk(Array, Object(Closure))
#14 E:\LocalSites\bedrock-nauka\bedrock\web\app\themes\moj-motyw\vendor\roots\acorn\src\Illuminate\Foundation\Bootstrap\BootProviders.php(17): Illuminate\Foundation\Application->boot()
#15 E:\LocalSites\bedrock-nauka\bedrock\web\app\themes\moj-motyw\vendor\roots\acorn\src\Illuminate\Foundation\Application.php(341): Illuminate\Foundation\Bootstrap\BootProviders->bootstrap(Object(Roots\Acorn\Application))
#16 E:\LocalSites\bedrock-nauka\bedrock\web\app\themes\moj-motyw\vendor\roots\acorn\src\Illuminate\Foundation\Http\Kernel.php(186): Illuminate\Foundation\Application->bootstrapWith(Array)
#17 E:\LocalSites\bedrock-nauka\bedrock\web\app\themes\moj-motyw\vendor\roots\acorn\src\Roots\Acorn\Application\Concerns\Bootable.php(123): Illuminate\Foundation\Http\Kernel->bootstrap(Object(Illuminate\Http\Request))
#18 E:\LocalSites\bedrock-nauka\bedrock\web\app\themes\moj-motyw\vendor\roots\acorn\src\Roots\Acorn\Application\Concerns\Bootable.php(49): Roots\Acorn\Application->bootHttp()
#19 E:\LocalSites\bedrock-nauka\bedrock\web\app\themes\moj-motyw\vendor\roots\acorn\src\Roots\Acorn\Configuration\ApplicationBuilder.php(170): Roots\Acorn\Application->bootAcorn(Array)
#20 E:\LocalSites\bedrock-nauka\bedrock\web\app\themes\moj-motyw\functions.php(38): Roots\Acorn\Configuration\ApplicationBuilder->boot()
#21 E:\LocalSites\bedrock-nauka\bedrock\web\wp\wp-settings.php(710): include('E:\\LocalSites\\b...')
#22 E:\LocalSites\bedrock-nauka\bedrock\web\wp-config.php(10): require_once('E:\\LocalSites\\b...')
#23 E:\LocalSites\bedrock-nauka\bedrock\web\wp\wp-load.php(55): require_once('E:\\LocalSites\\b...')
#24 E:\LocalSites\bedrock-nauka\bedrock\web\wp\wp-admin\admin-ajax.php(22): require_once('E:\\LocalSites\\b...')
#25 {main}

Next Roots\Acorn\Exceptions\SkipProviderException: Skipping provider [Roots\Acorn\View\ViewServiceProvider] because it encountered an error [ParseError]: syntax error, unexpected token "public", expecting "," or ";" in E:\LocalSites\bedrock-nauka\bedrock\web\app\themes\moj-motyw\vendor\roots\acorn\src\Roots\Acorn\Application.php:371
Stack trace:
#0 E:\LocalSites\bedrock-nauka\bedrock\web\app\themes\moj-motyw\vendor\roots\acorn\src\Roots\Acorn\Application.php(313): Roots\Acorn\Application->skipProvider(Object(Roots\Acorn\View\ViewServiceProvider), Object(ParseError))
#1 E:\LocalSites\bedrock-nauka\bedrock\web\app\themes\moj-motyw\vendor\roots\acorn\src\Illuminate\Foundation\Application.php(1131): Roots\Acorn\Application->bootProvider(Object(Roots\Acorn\View\ViewServiceProvider))
#2 [internal function]: Illuminate\Foundation\Application->{closure:Illuminate\Foundation\Application::boot():1130}(Object(Roots\Acorn\View\ViewServiceProvider), 'Roots\\Acorn\\Vie...')
#3 E:\LocalSites\bedrock-nauka\bedrock\web\app\themes\moj-motyw\vendor\roots\acorn\src\Illuminate\Foundation\Application.php(1130): array_walk(Array, Object(Closure))
#4 E:\LocalSites\bedrock-nauka\bedrock\web\app\themes\moj-motyw\vendor\roots\acorn\src\Illuminate\Foundation\Bootstrap\BootProviders.php(17): Illuminate\Foundation\Application->boot()
#5 E:\LocalSites\bedrock-nauka\bedrock\web\app\themes\moj-motyw\vendor\roots\acorn\src\Illuminate\Foundation\Application.php(341): Illuminate\Foundation\Bootstrap\BootProviders->bootstrap(Object(Roots\Acorn\Application))
#6 E:\LocalSites\bedrock-nauka\bedrock\web\app\themes\moj-motyw\vendor\roots\acorn\src\Illuminate\Foundation\Http\Kernel.php(186): Illuminate\Foundation\Application->bootstrapWith(Array)
#7 E:\LocalSites\bedrock-nauka\bedrock\web\app\themes\moj-motyw\vendor\roots\acorn\src\Roots\Acorn\Application\Concerns\Bootable.php(123): Illuminate\Foundation\Http\Kernel->bootstrap(Object(Illuminate\Http\Request))
#8 E:\LocalSites\bedrock-nauka\bedrock\web\app\themes\moj-motyw\vendor\roots\acorn\src\Roots\Acorn\Application\Concerns\Bootable.php(49): Roots\Acorn\Application->bootHttp()
#9 E:\LocalSites\bedrock-nauka\bedrock\web\app\themes\moj-motyw\vendor\roots\acorn\src\Roots\Acorn\Configuration\ApplicationBuilder.php(170): Roots\Acorn\Application->bootAcorn(Array)
#10 E:\LocalSites\bedrock-nauka\bedrock\web\app\themes\moj-motyw\functions.php(38): Roots\Acorn\Configuration\ApplicationBuilder->boot()
#11 E:\LocalSites\bedrock-nauka\bedrock\web\wp\wp-settings.php(710): include('E:\\LocalSites\\b...')
#12 E:\LocalSites\bedrock-nauka\bedrock\web\wp-config.php(10): require_once('E:\\LocalSites\\b...')
#13 E:\LocalSites\bedrock-nauka\bedrock\web\wp\wp-load.php(55): require_once('E:\\LocalSites\\b...')
#14 E:\LocalSites\bedrock-nauka\bedrock\web\wp\wp-admin\admin-ajax.php(22): require_once('E:\\LocalSites\\b...')
#15 {main}
  thrown in E:\LocalSites\bedrock-nauka\bedrock\web\app\themes\moj-motyw\vendor\roots\acorn\src\Roots\Acorn\Application.php on line 371
[20-Feb-2026 22:34:49 UTC] PHP Fatal error:  Uncaught ParseError: syntax error, unexpected token "public", expecting "," or ";" in E:\LocalSites\bedrock-nauka\bedrock\web\app\themes\moj-motyw\app\View\Composers\Page.php:13
Stack trace:
#0 E:\LocalSites\bedrock-nauka\bedrock\vendor\composer\ClassLoader.php(427): {closure:Composer\Autoload\ClassLoader::initializeIncludeClosure():575}('E:\\LocalSites\\b...')
#1 [internal function]: Composer\Autoload\ClassLoader->loadClass('App\\View\\Compos...')
#2 E:\LocalSites\bedrock-nauka\bedrock\web\app\themes\moj-motyw\vendor\roots\acorn\src\Roots\Acorn\View\ViewServiceProvider.php(195): is_subclass_of('App\\View\\Compos...', 'Roots\\Acorn\\Vie...')
#3 E:\LocalSites\bedrock-nauka\bedrock\web\app\themes\moj-motyw\vendor\roots\acorn\src\Roots\Acorn\View\ViewServiceProvider.php(37): Roots\Acorn\View\ViewServiceProvider->attachComposers()
#4 E:\LocalSites\bedrock-nauka\bedrock\web\app\themes\moj-motyw\vendor\illuminate\container\BoundMethod.php(36): Roots\Acorn\View\ViewServiceProvider->boot()
#5 E:\LocalSites\bedrock-nauka\bedrock\web\app\themes\moj-motyw\vendor\illuminate\container\Util.php(43): Illuminate\Container\BoundMethod::{closure:Illuminate\Container\BoundMethod::call():35}()
#6 E:\LocalSites\bedrock-nauka\bedrock\web\app\themes\moj-motyw\vendor\illuminate\container\BoundMethod.php(96): Illuminate\Container\Util::unwrapIfClosure(Object(Closure))
#7 E:\LocalSites\bedrock-nauka\bedrock\web\app\themes\moj-motyw\vendor\illuminate\container\BoundMethod.php(35): Illuminate\Container\BoundMethod::callBoundMethod(Object(Roots\Acorn\Application), Array, Object(Closure))
#8 E:\LocalSites\bedrock-nauka\bedrock\web\app\themes\moj-motyw\vendor\illuminate\container\Container.php(799): Illuminate\Container\BoundMethod::call(Object(Roots\Acorn\Application), Array, Array, NULL)
#9 E:\LocalSites\bedrock-nauka\bedrock\web\app\themes\moj-motyw\vendor\roots\acorn\src\Illuminate\Foundation\Application.php(1150): Illuminate\Container\Container->call(Array)
#10 E:\LocalSites\bedrock-nauka\bedrock\web\app\themes\moj-motyw\vendor\roots\acorn\src\Roots\Acorn\Application.php(311): Illuminate\Foundation\Application->bootProvider(Object(Roots\Acorn\View\ViewServiceProvider))
#11 E:\LocalSites\bedrock-nauka\bedrock\web\app\themes\moj-motyw\vendor\roots\acorn\src\Illuminate\Foundation\Application.php(1131): Roots\Acorn\Application->bootProvider(Object(Roots\Acorn\View\ViewServiceProvider))
#12 [internal function]: Illuminate\Foundation\Application->{closure:Illuminate\Foundation\Application::boot():1130}(Object(Roots\Acorn\View\ViewServiceProvider), 'Roots\\Acorn\\Vie...')
#13 E:\LocalSites\bedrock-nauka\bedrock\web\app\themes\moj-motyw\vendor\roots\acorn\src\Illuminate\Foundation\Application.php(1130): array_walk(Array, Object(Closure))
#14 E:\LocalSites\bedrock-nauka\bedrock\web\app\themes\moj-motyw\vendor\roots\acorn\src\Illuminate\Foundation\Bootstrap\BootProviders.php(17): Illuminate\Foundation\Application->boot()
#15 E:\LocalSites\bedrock-nauka\bedrock\web\app\themes\moj-motyw\vendor\roots\acorn\src\Illuminate\Foundation\Application.php(341): Illuminate\Foundation\Bootstrap\BootProviders->bootstrap(Object(Roots\Acorn\Application))
#16 E:\LocalSites\bedrock-nauka\bedrock\web\app\themes\moj-motyw\vendor\roots\acorn\src\Illuminate\Foundation\Http\Kernel.php(186): Illuminate\Foundation\Application->bootstrapWith(Array)
#17 E:\LocalSites\bedrock-nauka\bedrock\web\app\themes\moj-motyw\vendor\roots\acorn\src\Roots\Acorn\Application\Concerns\Bootable.php(123): Illuminate\Foundation\Http\Kernel->bootstrap(Object(Illuminate\Http\Request))
#18 E:\LocalSites\bedrock-nauka\bedrock\web\app\themes\moj-motyw\vendor\roots\acorn\src\Roots\Acorn\Application\Concerns\Bootable.php(49): Roots\Acorn\Application->bootHttp()
#19 E:\LocalSites\bedrock-nauka\bedrock\web\app\themes\moj-motyw\vendor\roots\acorn\src\Roots\Acorn\Configuration\ApplicationBuilder.php(170): Roots\Acorn\Application->bootAcorn(Array)
#20 E:\LocalSites\bedrock-nauka\bedrock\web\app\themes\moj-motyw\functions.php(38): Roots\Acorn\Configuration\ApplicationBuilder->boot()
#21 E:\LocalSites\bedrock-nauka\bedrock\web\wp\wp-settings.php(710): include('E:\\LocalSites\\b...')
#22 E:\LocalSites\bedrock-nauka\bedrock\web\wp-config.php(10): require_once('E:\\LocalSites\\b...')
#23 E:\LocalSites\bedrock-nauka\bedrock\web\wp\wp-load.php(55): require_once('E:\\LocalSites\\b...')
#24 E:\LocalSites\bedrock-nauka\bedrock\web\wp\wp-blog-header.php(13): require_once('E:\\LocalSites\\b...')
#25 E:\LocalSites\bedrock-nauka\bedrock\web\index.php(7): require('E:\\LocalSites\\b...')
#26 {main}

Next Roots\Acorn\Exceptions\SkipProviderException: Skipping provider [Roots\Acorn\View\ViewServiceProvider] because it encountered an error [ParseError]: syntax error, unexpected token "public", expecting "," or ";" in E:\LocalSites\bedrock-nauka\bedrock\web\app\themes\moj-motyw\vendor\roots\acorn\src\Roots\Acorn\Application.php:371
Stack trace:
#0 E:\LocalSites\bedrock-nauka\bedrock\web\app\themes\moj-motyw\vendor\roots\acorn\src\Roots\Acorn\Application.php(313): Roots\Acorn\Application->skipProvider(Object(Roots\Acorn\View\ViewServiceProvider), Object(ParseError))
#1 E:\LocalSites\bedrock-nauka\bedrock\web\app\themes\moj-motyw\vendor\roots\acorn\src\Illuminate\Foundation\Application.php(1131): Roots\Acorn\Application->bootProvider(Object(Roots\Acorn\View\ViewServiceProvider))
#2 [internal function]: Illuminate\Foundation\Application->{closure:Illuminate\Foundation\Application::boot():1130}(Object(Roots\Acorn\View\ViewServiceProvider), 'Roots\\Acorn\\Vie...')
#3 E:\LocalSites\bedrock-nauka\bedrock\web\app\themes\moj-motyw\vendor\roots\acorn\src\Illuminate\Foundation\Application.php(1130): array_walk(Array, Object(Closure))
#4 E:\LocalSites\bedrock-nauka\bedrock\web\app\themes\moj-motyw\vendor\roots\acorn\src\Illuminate\Foundation\Bootstrap\BootProviders.php(17): Illuminate\Foundation\Application->boot()
#5 E:\LocalSites\bedrock-nauka\bedrock\web\app\themes\moj-motyw\vendor\roots\acorn\src\Illuminate\Foundation\Application.php(341): Illuminate\Foundation\Bootstrap\BootProviders->bootstrap(Object(Roots\Acorn\Application))
#6 E:\LocalSites\bedrock-nauka\bedrock\web\app\themes\moj-motyw\vendor\roots\acorn\src\Illuminate\Foundation\Http\Kernel.php(186): Illuminate\Foundation\Application->bootstrapWith(Array)
#7 E:\LocalSites\bedrock-nauka\bedrock\web\app\themes\moj-motyw\vendor\roots\acorn\src\Roots\Acorn\Application\Concerns\Bootable.php(123): Illuminate\Foundation\Http\Kernel->bootstrap(Object(Illuminate\Http\Request))
#8 E:\LocalSites\bedrock-nauka\bedrock\web\app\themes\moj-motyw\vendor\roots\acorn\src\Roots\Acorn\Application\Concerns\Bootable.php(49): Roots\Acorn\Application->bootHttp()
#9 E:\LocalSites\bedrock-nauka\bedrock\web\app\themes\moj-motyw\vendor\roots\acorn\src\Roots\Acorn\Configuration\ApplicationBuilder.php(170): Roots\Acorn\Application->bootAcorn(Array)
#10 E:\LocalSites\bedrock-nauka\bedrock\web\app\themes\moj-motyw\functions.php(38): Roots\Acorn\Configuration\ApplicationBuilder->boot()
#11 E:\LocalSites\bedrock-nauka\bedrock\web\wp\wp-settings.php(710): include('E:\\LocalSites\\b...')
#12 E:\LocalSites\bedrock-nauka\bedrock\web\wp-config.php(10): require_once('E:\\LocalSites\\b...')
#13 E:\LocalSites\bedrock-nauka\bedrock\web\wp\wp-load.php(55): require_once('E:\\LocalSites\\b...')
#14 E:\LocalSites\bedrock-nauka\bedrock\web\wp\wp-blog-header.php(13): require_once('E:\\LocalSites\\b...')
#15 E:\LocalSites\bedrock-nauka\bedrock\web\index.php(7): require('E:\\LocalSites\\b...')
#16 {main}
  thrown in E:\LocalSites\bedrock-nauka\bedrock\web\app\themes\moj-motyw\vendor\roots\acorn\src\Roots\Acorn\Application.php on line 371
[20-Feb-2026 22:34:49 UTC] PHP Fatal error:  Uncaught ParseError: syntax error, unexpected token "public", expecting "," or ";" in E:\LocalSites\bedrock-nauka\bedrock\web\app\themes\moj-motyw\app\View\Composers\Page.php:13
Stack trace:
#0 E:\LocalSites\bedrock-nauka\bedrock\vendor\composer\ClassLoader.php(427): {closure:Composer\Autoload\ClassLoader::initializeIncludeClosure():575}('E:\\LocalSites\\b...')
#1 [internal function]: Composer\Autoload\ClassLoader->loadClass('App\\View\\Compos...')
#2 E:\LocalSites\bedrock-nauka\bedrock\web\app\themes\moj-motyw\vendor\roots\acorn\src\Roots\Acorn\View\ViewServiceProvider.php(195): is_subclass_of('App\\View\\Compos...', 'Roots\\Acorn\\Vie...')
#3 E:\LocalSites\bedrock-nauka\bedrock\web\app\themes\moj-motyw\vendor\roots\acorn\src\Roots\Acorn\View\ViewServiceProvider.php(37): Roots\Acorn\View\ViewServiceProvider->attachComposers()
#4 E:\LocalSites\bedrock-nauka\bedrock\web\app\themes\moj-motyw\vendor\illuminate\container\BoundMethod.php(36): Roots\Acorn\View\ViewServiceProvider->boot()
#5 E:\LocalSites\bedrock-nauka\bedrock\web\app\themes\moj-motyw\vendor\illuminate\container\Util.php(43): Illuminate\Container\BoundMethod::{closure:Illuminate\Container\BoundMethod::call():35}()
#6 E:\LocalSites\bedrock-nauka\bedrock\web\app\themes\moj-motyw\vendor\illuminate\container\BoundMethod.php(96): Illuminate\Container\Util::unwrapIfClosure(Object(Closure))
#7 E:\LocalSites\bedrock-nauka\bedrock\web\app\themes\moj-motyw\vendor\illuminate\container\BoundMethod.php(35): Illuminate\Container\BoundMethod::callBoundMethod(Object(Roots\Acorn\Application), Array, Object(Closure))
#8 E:\LocalSites\bedrock-nauka\bedrock\web\app\themes\moj-motyw\vendor\illuminate\container\Container.php(799): Illuminate\Container\BoundMethod::call(Object(Roots\Acorn\Application), Array, Array, NULL)
#9 E:\LocalSites\bedrock-nauka\bedrock\web\app\themes\moj-motyw\vendor\roots\acorn\src\Illuminate\Foundation\Application.php(1150): Illuminate\Container\Container->call(Array)
#10 E:\LocalSites\bedrock-nauka\bedrock\web\app\themes\moj-motyw\vendor\roots\acorn\src\Roots\Acorn\Application.php(311): Illuminate\Foundation\Application->bootProvider(Object(Roots\Acorn\View\ViewServiceProvider))
#11 E:\LocalSites\bedrock-nauka\bedrock\web\app\themes\moj-motyw\vendor\roots\acorn\src\Illuminate\Foundation\Application.php(1131): Roots\Acorn\Application->bootProvider(Object(Roots\Acorn\View\ViewServiceProvider))
#12 [internal function]: Illuminate\Foundation\Application->{closure:Illuminate\Foundation\Application::boot():1130}(Object(Roots\Acorn\View\ViewServiceProvider), 'Roots\\Acorn\\Vie...')
#13 E:\LocalSites\bedrock-nauka\bedrock\web\app\themes\moj-motyw\vendor\roots\acorn\src\Illuminate\Foundation\Application.php(1130): array_walk(Array, Object(Closure))
#14 E:\LocalSites\bedrock-nauka\bedrock\web\app\themes\moj-motyw\vendor\roots\acorn\src\Illuminate\Foundation\Bootstrap\BootProviders.php(17): Illuminate\Foundation\Application->boot()
#15 E:\LocalSites\bedrock-nauka\bedrock\web\app\themes\moj-motyw\vendor\roots\acorn\src\Illuminate\Foundation\Application.php(341): Illuminate\Foundation\Bootstrap\BootProviders->bootstrap(Object(Roots\Acorn\Application))
#16 E:\LocalSites\bedrock-nauka\bedrock\web\app\themes\moj-motyw\vendor\roots\acorn\src\Illuminate\Foundation\Http\Kernel.php(186): Illuminate\Foundation\Application->bootstrapWith(Array)
#17 E:\LocalSites\bedrock-nauka\bedrock\web\app\themes\moj-motyw\vendor\roots\acorn\src\Roots\Acorn\Application\Concerns\Bootable.php(123): Illuminate\Foundation\Http\Kernel->bootstrap(Object(Illuminate\Http\Request))
#18 E:\LocalSites\bedrock-nauka\bedrock\web\app\themes\moj-motyw\vendor\roots\acorn\src\Roots\Acorn\Application\Concerns\Bootable.php(49): Roots\Acorn\Application->bootHttp()
#19 E:\LocalSites\bedrock-nauka\bedrock\web\app\themes\moj-motyw\vendor\roots\acorn\src\Roots\Acorn\Configuration\ApplicationBuilder.php(170): Roots\Acorn\Application->bootAcorn(Array)
#20 E:\LocalSites\bedrock-nauka\bedrock\web\app\themes\moj-motyw\functions.php(38): Roots\Acorn\Configuration\ApplicationBuilder->boot()
#21 E:\LocalSites\bedrock-nauka\bedrock\web\wp\wp-settings.php(710): include('E:\\LocalSites\\b...')
#22 E:\LocalSites\bedrock-nauka\bedrock\web\wp-config.php(10): require_once('E:\\LocalSites\\b...')
#23 E:\LocalSites\bedrock-nauka\bedrock\web\wp\wp-load.php(55): require_once('E:\\LocalSites\\b...')
#24 E:\LocalSites\bedrock-nauka\bedrock\web\wp\wp-blog-header.php(13): require_once('E:\\LocalSites\\b...')
#25 E:\LocalSites\bedrock-nauka\bedrock\web\index.php(7): require('E:\\LocalSites\\b...')
#26 {main}

Next Roots\Acorn\Exceptions\SkipProviderException: Skipping provider [Roots\Acorn\View\ViewServiceProvider] because it encountered an error [ParseError]: syntax error, unexpected token "public", expecting "," or ";" in E:\LocalSites\bedrock-nauka\bedrock\web\app\themes\moj-motyw\vendor\roots\acorn\src\Roots\Acorn\Application.php:371
Stack trace:
#0 E:\LocalSites\bedrock-nauka\bedrock\web\app\themes\moj-motyw\vendor\roots\acorn\src\Roots\Acorn\Application.php(313): Roots\Acorn\Application->skipProvider(Object(Roots\Acorn\View\ViewServiceProvider), Object(ParseError))
#1 E:\LocalSites\bedrock-nauka\bedrock\web\app\themes\moj-motyw\vendor\roots\acorn\src\Illuminate\Foundation\Application.php(1131): Roots\Acorn\Application->bootProvider(Object(Roots\Acorn\View\ViewServiceProvider))
#2 [internal function]: Illuminate\Foundation\Application->{closure:Illuminate\Foundation\Application::boot():1130}(Object(Roots\Acorn\View\ViewServiceProvider), 'Roots\\Acorn\\Vie...')
#3 E:\LocalSites\bedrock-nauka\bedrock\web\app\themes\moj-motyw\vendor\roots\acorn\src\Illuminate\Foundation\Application.php(1130): array_walk(Array, Object(Closure))
#4 E:\LocalSites\bedrock-nauka\bedrock\web\app\themes\moj-motyw\vendor\roots\acorn\src\Illuminate\Foundation\Bootstrap\BootProviders.php(17): Illuminate\Foundation\Application->boot()
#5 E:\LocalSites\bedrock-nauka\bedrock\web\app\themes\moj-motyw\vendor\roots\acorn\src\Illuminate\Foundation\Application.php(341): Illuminate\Foundation\Bootstrap\BootProviders->bootstrap(Object(Roots\Acorn\Application))
#6 E:\LocalSites\bedrock-nauka\bedrock\web\app\themes\moj-motyw\vendor\roots\acorn\src\Illuminate\Foundation\Http\Kernel.php(186): Illuminate\Foundation\Application->bootstrapWith(Array)
#7 E:\LocalSites\bedrock-nauka\bedrock\web\app\themes\moj-motyw\vendor\roots\acorn\src\Roots\Acorn\Application\Concerns\Bootable.php(123): Illuminate\Foundation\Http\Kernel->bootstrap(Object(Illuminate\Http\Request))
#8 E:\LocalSites\bedrock-nauka\bedrock\web\app\themes\moj-motyw\vendor\roots\acorn\src\Roots\Acorn\Application\Concerns\Bootable.php(49): Roots\Acorn\Application->bootHttp()
#9 E:\LocalSites\bedrock-nauka\bedrock\web\app\themes\moj-motyw\vendor\roots\acorn\src\Roots\Acorn\Configuration\ApplicationBuilder.php(170): Roots\Acorn\Application->bootAcorn(Array)
#10 E:\LocalSites\bedrock-nauka\bedrock\web\app\themes\moj-motyw\functions.php(38): Roots\Acorn\Configuration\ApplicationBuilder->boot()
#11 E:\LocalSites\bedrock-nauka\bedrock\web\wp\wp-settings.php(710): include('E:\\LocalSites\\b...')
#12 E:\LocalSites\bedrock-nauka\bedrock\web\wp-config.php(10): require_once('E:\\LocalSites\\b...')
#13 E:\LocalSites\bedrock-nauka\bedrock\web\wp\wp-load.php(55): require_once('E:\\LocalSites\\b...')
#14 E:\LocalSites\bedrock-nauka\bedrock\web\wp\wp-blog-header.php(13): require_once('E:\\LocalSites\\b...')
#15 E:\LocalSites\bedrock-nauka\bedrock\web\index.php(7): require('E:\\LocalSites\\b...')
#16 {main}
  thrown in E:\LocalSites\bedrock-nauka\bedrock\web\app\themes\moj-motyw\vendor\roots\acorn\src\Roots\Acorn\Application.php on line 371
[20-Feb-2026 22:35:16 UTC] PHP Fatal error:  Uncaught ParseError: syntax error, unexpected token "public", expecting "," or ";" in E:\LocalSites\bedrock-nauka\bedrock\web\app\themes\moj-motyw\app\View\Composers\Page.php:13
Stack trace:
#0 E:\LocalSites\bedrock-nauka\bedrock\vendor\composer\ClassLoader.php(427): {closure:Composer\Autoload\ClassLoader::initializeIncludeClosure():575}('E:\\LocalSites\\b...')
#1 [internal function]: Composer\Autoload\ClassLoader->loadClass('App\\View\\Compos...')
#2 E:\LocalSites\bedrock-nauka\bedrock\web\app\themes\moj-motyw\vendor\roots\acorn\src\Roots\Acorn\View\ViewServiceProvider.php(195): is_subclass_of('App\\View\\Compos...', 'Roots\\Acorn\\Vie...')
#3 E:\LocalSites\bedrock-nauka\bedrock\web\app\themes\moj-motyw\vendor\roots\acorn\src\Roots\Acorn\View\ViewServiceProvider.php(37): Roots\Acorn\View\ViewServiceProvider->attachComposers()
#4 E:\LocalSites\bedrock-nauka\bedrock\web\app\themes\moj-motyw\vendor\illuminate\container\BoundMethod.php(36): Roots\Acorn\View\ViewServiceProvider->boot()
#5 E:\LocalSites\bedrock-nauka\bedrock\web\app\themes\moj-motyw\vendor\illuminate\container\Util.php(43): Illuminate\Container\BoundMethod::{closure:Illuminate\Container\BoundMethod::call():35}()
#6 E:\LocalSites\bedrock-nauka\bedrock\web\app\themes\moj-motyw\vendor\illuminate\container\BoundMethod.php(96): Illuminate\Container\Util::unwrapIfClosure(Object(Closure))
#7 E:\LocalSites\bedrock-nauka\bedrock\web\app\themes\moj-motyw\vendor\illuminate\container\BoundMethod.php(35): Illuminate\Container\BoundMethod::callBoundMethod(Object(Roots\Acorn\Application), Array, Object(Closure))
#8 E:\LocalSites\bedrock-nauka\bedrock\web\app\themes\moj-motyw\vendor\illuminate\container\Container.php(799): Illuminate\Container\BoundMethod::call(Object(Roots\Acorn\Application), Array, Array, NULL)
#9 E:\LocalSites\bedrock-nauka\bedrock\web\app\themes\moj-motyw\vendor\roots\acorn\src\Illuminate\Foundation\Application.php(1150): Illuminate\Container\Container->call(Array)
#10 E:\LocalSites\bedrock-nauka\bedrock\web\app\themes\moj-motyw\vendor\roots\acorn\src\Roots\Acorn\Application.php(311): Illuminate\Foundation\Application->bootProvider(Object(Roots\Acorn\View\ViewServiceProvider))
#11 E:\LocalSites\bedrock-nauka\bedrock\web\app\themes\moj-motyw\vendor\roots\acorn\src\Illuminate\Foundation\Application.php(1131): Roots\Acorn\Application->bootProvider(Object(Roots\Acorn\View\ViewServiceProvider))
#12 [internal function]: Illuminate\Foundation\Application->{closure:Illuminate\Foundation\Application::boot():1130}(Object(Roots\Acorn\View\ViewServiceProvider), 'Roots\\Acorn\\Vie...')
#13 E:\LocalSites\bedrock-nauka\bedrock\web\app\themes\moj-motyw\vendor\roots\acorn\src\Illuminate\Foundation\Application.php(1130): array_walk(Array, Object(Closure))
#14 E:\LocalSites\bedrock-nauka\bedrock\web\app\themes\moj-motyw\vendor\roots\acorn\src\Illuminate\Foundation\Bootstrap\BootProviders.php(17): Illuminate\Foundation\Application->boot()
#15 E:\LocalSites\bedrock-nauka\bedrock\web\app\themes\moj-motyw\vendor\roots\acorn\src\Illuminate\Foundation\Application.php(341): Illuminate\Foundation\Bootstrap\BootProviders->bootstrap(Object(Roots\Acorn\Application))
#16 E:\LocalSites\bedrock-nauka\bedrock\web\app\themes\moj-motyw\vendor\roots\acorn\src\Illuminate\Foundation\Http\Kernel.php(186): Illuminate\Foundation\Application->bootstrapWith(Array)
#17 E:\LocalSites\bedrock-nauka\bedrock\web\app\themes\moj-motyw\vendor\roots\acorn\src\Roots\Acorn\Application\Concerns\Bootable.php(123): Illuminate\Foundation\Http\Kernel->bootstrap(Object(Illuminate\Http\Request))
#18 E:\LocalSites\bedrock-nauka\bedrock\web\app\themes\moj-motyw\vendor\roots\acorn\src\Roots\Acorn\Application\Concerns\Bootable.php(49): Roots\Acorn\Application->bootHttp()
#19 E:\LocalSites\bedrock-nauka\bedrock\web\app\themes\moj-motyw\vendor\roots\acorn\src\Roots\Acorn\Configuration\ApplicationBuilder.php(170): Roots\Acorn\Application->bootAcorn(Array)
#20 E:\LocalSites\bedrock-nauka\bedrock\web\app\themes\moj-motyw\functions.php(38): Roots\Acorn\Configuration\ApplicationBuilder->boot()
#21 E:\LocalSites\bedrock-nauka\bedrock\web\wp\wp-settings.php(710): include('E:\\LocalSites\\b...')
#22 E:\LocalSites\bedrock-nauka\bedrock\web\wp-config.php(10): require_once('E:\\LocalSites\\b...')
#23 E:\LocalSites\bedrock-nauka\bedrock\web\wp\wp-load.php(55): require_once('E:\\LocalSites\\b...')
#24 E:\LocalSites\bedrock-nauka\bedrock\web\wp\wp-blog-header.php(13): require_once('E:\\LocalSites\\b...')
#25 E:\LocalSites\bedrock-nauka\bedrock\web\index.php(7): require('E:\\LocalSites\\b...')
#26 {main}

Next Roots\Acorn\Exceptions\SkipProviderException: Skipping provider [Roots\Acorn\View\ViewServiceProvider] because it encountered an error [ParseError]: syntax error, unexpected token "public", expecting "," or ";" in E:\LocalSites\bedrock-nauka\bedrock\web\app\themes\moj-motyw\vendor\roots\acorn\src\Roots\Acorn\Application.php:371
Stack trace:
#0 E:\LocalSites\bedrock-nauka\bedrock\web\app\themes\moj-motyw\vendor\roots\acorn\src\Roots\Acorn\Application.php(313): Roots\Acorn\Application->skipProvider(Object(Roots\Acorn\View\ViewServiceProvider), Object(ParseError))
#1 E:\LocalSites\bedrock-nauka\bedrock\web\app\themes\moj-motyw\vendor\roots\acorn\src\Illuminate\Foundation\Application.php(1131): Roots\Acorn\Application->bootProvider(Object(Roots\Acorn\View\ViewServiceProvider))
#2 [internal function]: Illuminate\Foundation\Application->{closure:Illuminate\Foundation\Application::boot():1130}(Object(Roots\Acorn\View\ViewServiceProvider), 'Roots\\Acorn\\Vie...')
#3 E:\LocalSites\bedrock-nauka\bedrock\web\app\themes\moj-motyw\vendor\roots\acorn\src\Illuminate\Foundation\Application.php(1130): array_walk(Array, Object(Closure))
#4 E:\LocalSites\bedrock-nauka\bedrock\web\app\themes\moj-motyw\vendor\roots\acorn\src\Illuminate\Foundation\Bootstrap\BootProviders.php(17): Illuminate\Foundation\Application->boot()
#5 E:\LocalSites\bedrock-nauka\bedrock\web\app\themes\moj-motyw\vendor\roots\acorn\src\Illuminate\Foundation\Application.php(341): Illuminate\Foundation\Bootstrap\BootProviders->bootstrap(Object(Roots\Acorn\Application))
#6 E:\LocalSites\bedrock-nauka\bedrock\web\app\themes\moj-motyw\vendor\roots\acorn\src\Illuminate\Foundation\Http\Kernel.php(186): Illuminate\Foundation\Application->bootstrapWith(Array)
#7 E:\LocalSites\bedrock-nauka\bedrock\web\app\themes\moj-motyw\vendor\roots\acorn\src\Roots\Acorn\Application\Concerns\Bootable.php(123): Illuminate\Foundation\Http\Kernel->bootstrap(Object(Illuminate\Http\Request))
#8 E:\LocalSites\bedrock-nauka\bedrock\web\app\themes\moj-motyw\vendor\roots\acorn\src\Roots\Acorn\Application\Concerns\Bootable.php(49): Roots\Acorn\Application->bootHttp()
#9 E:\LocalSites\bedrock-nauka\bedrock\web\app\themes\moj-motyw\vendor\roots\acorn\src\Roots\Acorn\Configuration\ApplicationBuilder.php(170): Roots\Acorn\Application->bootAcorn(Array)
#10 E:\LocalSites\bedrock-nauka\bedrock\web\app\themes\moj-motyw\functions.php(38): Roots\Acorn\Configuration\ApplicationBuilder->boot()
#11 E:\LocalSites\bedrock-nauka\bedrock\web\wp\wp-settings.php(710): include('E:\\LocalSites\\b...')
#12 E:\LocalSites\bedrock-nauka\bedrock\web\wp-config.php(10): require_once('E:\\LocalSites\\b...')
#13 E:\LocalSites\bedrock-nauka\bedrock\web\wp\wp-load.php(55): require_once('E:\\LocalSites\\b...')
#14 E:\LocalSites\bedrock-nauka\bedrock\web\wp\wp-blog-header.php(13): require_once('E:\\LocalSites\\b...')
#15 E:\LocalSites\bedrock-nauka\bedrock\web\index.php(7): require('E:\\LocalSites\\b...')
#16 {main}
  thrown in E:\LocalSites\bedrock-nauka\bedrock\web\app\themes\moj-motyw\vendor\roots\acorn\src\Roots\Acorn\Application.php on line 371
[20-Feb-2026 22:35:16 UTC] PHP Fatal error:  Uncaught ParseError: syntax error, unexpected token "public", expecting "," or ";" in E:\LocalSites\bedrock-nauka\bedrock\web\app\themes\moj-motyw\app\View\Composers\Page.php:13
Stack trace:
#0 E:\LocalSites\bedrock-nauka\bedrock\vendor\composer\ClassLoader.php(427): {closure:Composer\Autoload\ClassLoader::initializeIncludeClosure():575}('E:\\LocalSites\\b...')
#1 [internal function]: Composer\Autoload\ClassLoader->loadClass('App\\View\\Compos...')
#2 E:\LocalSites\bedrock-nauka\bedrock\web\app\themes\moj-motyw\vendor\roots\acorn\src\Roots\Acorn\View\ViewServiceProvider.php(195): is_subclass_of('App\\View\\Compos...', 'Roots\\Acorn\\Vie...')
#3 E:\LocalSites\bedrock-nauka\bedrock\web\app\themes\moj-motyw\vendor\roots\acorn\src\Roots\Acorn\View\ViewServiceProvider.php(37): Roots\Acorn\View\ViewServiceProvider->attachComposers()
#4 E:\LocalSites\bedrock-nauka\bedrock\web\app\themes\moj-motyw\vendor\illuminate\container\BoundMethod.php(36): Roots\Acorn\View\ViewServiceProvider->boot()
#5 E:\LocalSites\bedrock-nauka\bedrock\web\app\themes\moj-motyw\vendor\illuminate\container\Util.php(43): Illuminate\Container\BoundMethod::{closure:Illuminate\Container\BoundMethod::call():35}()
#6 E:\LocalSites\bedrock-nauka\bedrock\web\app\themes\moj-motyw\vendor\illuminate\container\BoundMethod.php(96): Illuminate\Container\Util::unwrapIfClosure(Object(Closure))
#7 E:\LocalSites\bedrock-nauka\bedrock\web\app\themes\moj-motyw\vendor\illuminate\container\BoundMethod.php(35): Illuminate\Container\BoundMethod::callBoundMethod(Object(Roots\Acorn\Application), Array, Object(Closure))
#8 E:\LocalSites\bedrock-nauka\bedrock\web\app\themes\moj-motyw\vendor\illuminate\container\Container.php(799): Illuminate\Container\BoundMethod::call(Object(Roots\Acorn\Application), Array, Array, NULL)
#9 E:\LocalSites\bedrock-nauka\bedrock\web\app\themes\moj-motyw\vendor\roots\acorn\src\Illuminate\Foundation\Application.php(1150): Illuminate\Container\Container->call(Array)
#10 E:\LocalSites\bedrock-nauka\bedrock\web\app\themes\moj-motyw\vendor\roots\acorn\src\Roots\Acorn\Application.php(311): Illuminate\Foundation\Application->bootProvider(Object(Roots\Acorn\View\ViewServiceProvider))
#11 E:\LocalSites\bedrock-nauka\bedrock\web\app\themes\moj-motyw\vendor\roots\acorn\src\Illuminate\Foundation\Application.php(1131): Roots\Acorn\Application->bootProvider(Object(Roots\Acorn\View\ViewServiceProvider))
#12 [internal function]: Illuminate\Foundation\Application->{closure:Illuminate\Foundation\Application::boot():1130}(Object(Roots\Acorn\View\ViewServiceProvider), 'Roots\\Acorn\\Vie...')
#13 E:\LocalSites\bedrock-nauka\bedrock\web\app\themes\moj-motyw\vendor\roots\acorn\src\Illuminate\Foundation\Application.php(1130): array_walk(Array, Object(Closure))
#14 E:\LocalSites\bedrock-nauka\bedrock\web\app\themes\moj-motyw\vendor\roots\acorn\src\Illuminate\Foundation\Bootstrap\BootProviders.php(17): Illuminate\Foundation\Application->boot()
#15 E:\LocalSites\bedrock-nauka\bedrock\web\app\themes\moj-motyw\vendor\roots\acorn\src\Illuminate\Foundation\Application.php(341): Illuminate\Foundation\Bootstrap\BootProviders->bootstrap(Object(Roots\Acorn\Application))
#16 E:\LocalSites\bedrock-nauka\bedrock\web\app\themes\moj-motyw\vendor\roots\acorn\src\Illuminate\Foundation\Http\Kernel.php(186): Illuminate\Foundation\Application->bootstrapWith(Array)
#17 E:\LocalSites\bedrock-nauka\bedrock\web\app\themes\moj-motyw\vendor\roots\acorn\src\Roots\Acorn\Application\Concerns\Bootable.php(123): Illuminate\Foundation\Http\Kernel->bootstrap(Object(Illuminate\Http\Request))
#18 E:\LocalSites\bedrock-nauka\bedrock\web\app\themes\moj-motyw\vendor\roots\acorn\src\Roots\Acorn\Application\Concerns\Bootable.php(49): Roots\Acorn\Application->bootHttp()
#19 E:\LocalSites\bedrock-nauka\bedrock\web\app\themes\moj-motyw\vendor\roots\acorn\src\Roots\Acorn\Configuration\ApplicationBuilder.php(170): Roots\Acorn\Application->bootAcorn(Array)
#20 E:\LocalSites\bedrock-nauka\bedrock\web\app\themes\moj-motyw\functions.php(38): Roots\Acorn\Configuration\ApplicationBuilder->boot()
#21 E:\LocalSites\bedrock-nauka\bedrock\web\wp\wp-settings.php(710): include('E:\\LocalSites\\b...')
#22 E:\LocalSites\bedrock-nauka\bedrock\web\wp-config.php(10): require_once('E:\\LocalSites\\b...')
#23 E:\LocalSites\bedrock-nauka\bedrock\web\wp\wp-load.php(55): require_once('E:\\LocalSites\\b...')
#24 E:\LocalSites\bedrock-nauka\bedrock\web\wp\wp-blog-header.php(13): require_once('E:\\LocalSites\\b...')
#25 E:\LocalSites\bedrock-nauka\bedrock\web\index.php(7): require('E:\\LocalSites\\b...')
#26 {main}

Next Roots\Acorn\Exceptions\SkipProviderException: Skipping provider [Roots\Acorn\View\ViewServiceProvider] because it encountered an error [ParseError]: syntax error, unexpected token "public", expecting "," or ";" in E:\LocalSites\bedrock-nauka\bedrock\web\app\themes\moj-motyw\vendor\roots\acorn\src\Roots\Acorn\Application.php:371
Stack trace:
#0 E:\LocalSites\bedrock-nauka\bedrock\web\app\themes\moj-motyw\vendor\roots\acorn\src\Roots\Acorn\Application.php(313): Roots\Acorn\Application->skipProvider(Object(Roots\Acorn\View\ViewServiceProvider), Object(ParseError))
#1 E:\LocalSites\bedrock-nauka\bedrock\web\app\themes\moj-motyw\vendor\roots\acorn\src\Illuminate\Foundation\Application.php(1131): Roots\Acorn\Application->bootProvider(Object(Roots\Acorn\View\ViewServiceProvider))
#2 [internal function]: Illuminate\Foundation\Application->{closure:Illuminate\Foundation\Application::boot():1130}(Object(Roots\Acorn\View\ViewServiceProvider), 'Roots\\Acorn\\Vie...')
#3 E:\LocalSites\bedrock-nauka\bedrock\web\app\themes\moj-motyw\vendor\roots\acorn\src\Illuminate\Foundation\Application.php(1130): array_walk(Array, Object(Closure))
#4 E:\LocalSites\bedrock-nauka\bedrock\web\app\themes\moj-motyw\vendor\roots\acorn\src\Illuminate\Foundation\Bootstrap\BootProviders.php(17): Illuminate\Foundation\Application->boot()
#5 E:\LocalSites\bedrock-nauka\bedrock\web\app\themes\moj-motyw\vendor\roots\acorn\src\Illuminate\Foundation\Application.php(341): Illuminate\Foundation\Bootstrap\BootProviders->bootstrap(Object(Roots\Acorn\Application))
#6 E:\LocalSites\bedrock-nauka\bedrock\web\app\themes\moj-motyw\vendor\roots\acorn\src\Illuminate\Foundation\Http\Kernel.php(186): Illuminate\Foundation\Application->bootstrapWith(Array)
#7 E:\LocalSites\bedrock-nauka\bedrock\web\app\themes\moj-motyw\vendor\roots\acorn\src\Roots\Acorn\Application\Concerns\Bootable.php(123): Illuminate\Foundation\Http\Kernel->bootstrap(Object(Illuminate\Http\Request))
#8 E:\LocalSites\bedrock-nauka\bedrock\web\app\themes\moj-motyw\vendor\roots\acorn\src\Roots\Acorn\Application\Concerns\Bootable.php(49): Roots\Acorn\Application->bootHttp()
#9 E:\LocalSites\bedrock-nauka\bedrock\web\app\themes\moj-motyw\vendor\roots\acorn\src\Roots\Acorn\Configuration\ApplicationBuilder.php(170): Roots\Acorn\Application->bootAcorn(Array)
#10 E:\LocalSites\bedrock-nauka\bedrock\web\app\themes\moj-motyw\functions.php(38): Roots\Acorn\Configuration\ApplicationBuilder->boot()
#11 E:\LocalSites\bedrock-nauka\bedrock\web\wp\wp-settings.php(710): include('E:\\LocalSites\\b...')
#12 E:\LocalSites\bedrock-nauka\bedrock\web\wp-config.php(10): require_once('E:\\LocalSites\\b...')
#13 E:\LocalSites\bedrock-nauka\bedrock\web\wp\wp-load.php(55): require_once('E:\\LocalSites\\b...')
#14 E:\LocalSites\bedrock-nauka\bedrock\web\wp\wp-blog-header.php(13): require_once('E:\\LocalSites\\b...')
#15 E:\LocalSites\bedrock-nauka\bedrock\web\index.php(7): require('E:\\LocalSites\\b...')
#16 {main}
  thrown in E:\LocalSites\bedrock-nauka\bedrock\web\app\themes\moj-motyw\vendor\roots\acorn\src\Roots\Acorn\Application.php on line 371
[20-Feb-2026 22:35:17 UTC] PHP Fatal error:  Uncaught ParseError: syntax error, unexpected token "public", expecting "," or ";" in E:\LocalSites\bedrock-nauka\bedrock\web\app\themes\moj-motyw\app\View\Composers\Page.php:13
Stack trace:
#0 E:\LocalSites\bedrock-nauka\bedrock\vendor\composer\ClassLoader.php(427): {closure:Composer\Autoload\ClassLoader::initializeIncludeClosure():575}('E:\\LocalSites\\b...')
#1 [internal function]: Composer\Autoload\ClassLoader->loadClass('App\\View\\Compos...')
#2 E:\LocalSites\bedrock-nauka\bedrock\web\app\themes\moj-motyw\vendor\roots\acorn\src\Roots\Acorn\View\ViewServiceProvider.php(195): is_subclass_of('App\\View\\Compos...', 'Roots\\Acorn\\Vie...')
#3 E:\LocalSites\bedrock-nauka\bedrock\web\app\themes\moj-motyw\vendor\roots\acorn\src\Roots\Acorn\View\ViewServiceProvider.php(37): Roots\Acorn\View\ViewServiceProvider->attachComposers()
#4 E:\LocalSites\bedrock-nauka\bedrock\web\app\themes\moj-motyw\vendor\illuminate\container\BoundMethod.php(36): Roots\Acorn\View\ViewServiceProvider->boot()
#5 E:\LocalSites\bedrock-nauka\bedrock\web\app\themes\moj-motyw\vendor\illuminate\container\Util.php(43): Illuminate\Container\BoundMethod::{closure:Illuminate\Container\BoundMethod::call():35}()
#6 E:\LocalSites\bedrock-nauka\bedrock\web\app\themes\moj-motyw\vendor\illuminate\container\BoundMethod.php(96): Illuminate\Container\Util::unwrapIfClosure(Object(Closure))
#7 E:\LocalSites\bedrock-nauka\bedrock\web\app\themes\moj-motyw\vendor\illuminate\container\BoundMethod.php(35): Illuminate\Container\BoundMethod::callBoundMethod(Object(Roots\Acorn\Application), Array, Object(Closure))
#8 E:\LocalSites\bedrock-nauka\bedrock\web\app\themes\moj-motyw\vendor\illuminate\container\Container.php(799): Illuminate\Container\BoundMethod::call(Object(Roots\Acorn\Application), Array, Array, NULL)
#9 E:\LocalSites\bedrock-nauka\bedrock\web\app\themes\moj-motyw\vendor\roots\acorn\src\Illuminate\Foundation\Application.php(1150): Illuminate\Container\Container->call(Array)
#10 E:\LocalSites\bedrock-nauka\bedrock\web\app\themes\moj-motyw\vendor\roots\acorn\src\Roots\Acorn\Application.php(311): Illuminate\Foundation\Application->bootProvider(Object(Roots\Acorn\View\ViewServiceProvider))
#11 E:\LocalSites\bedrock-nauka\bedrock\web\app\themes\moj-motyw\vendor\roots\acorn\src\Illuminate\Foundation\Application.php(1131): Roots\Acorn\Application->bootProvider(Object(Roots\Acorn\View\ViewServiceProvider))
#12 [internal function]: Illuminate\Foundation\Application->{closure:Illuminate\Foundation\Application::boot():1130}(Object(Roots\Acorn\View\ViewServiceProvider), 'Roots\\Acorn\\Vie...')
#13 E:\LocalSites\bedrock-nauka\bedrock\web\app\themes\moj-motyw\vendor\roots\acorn\src\Illuminate\Foundation\Application.php(1130): array_walk(Array, Object(Closure))
#14 E:\LocalSites\bedrock-nauka\bedrock\web\app\themes\moj-motyw\vendor\roots\acorn\src\Illuminate\Foundation\Bootstrap\BootProviders.php(17): Illuminate\Foundation\Application->boot()
#15 E:\LocalSites\bedrock-nauka\bedrock\web\app\themes\moj-motyw\vendor\roots\acorn\src\Illuminate\Foundation\Application.php(341): Illuminate\Foundation\Bootstrap\BootProviders->bootstrap(Object(Roots\Acorn\Application))
#16 E:\LocalSites\bedrock-nauka\bedrock\web\app\themes\moj-motyw\vendor\roots\acorn\src\Illuminate\Foundation\Http\Kernel.php(186): Illuminate\Foundation\Application->bootstrapWith(Array)
#17 E:\LocalSites\bedrock-nauka\bedrock\web\app\themes\moj-motyw\vendor\roots\acorn\src\Roots\Acorn\Application\Concerns\Bootable.php(123): Illuminate\Foundation\Http\Kernel->bootstrap(Object(Illuminate\Http\Request))
#18 E:\LocalSites\bedrock-nauka\bedrock\web\app\themes\moj-motyw\vendor\roots\acorn\src\Roots\Acorn\Application\Concerns\Bootable.php(49): Roots\Acorn\Application->bootHttp()
#19 E:\LocalSites\bedrock-nauka\bedrock\web\app\themes\moj-motyw\vendor\roots\acorn\src\Roots\Acorn\Configuration\ApplicationBuilder.php(170): Roots\Acorn\Application->bootAcorn(Array)
#20 E:\LocalSites\bedrock-nauka\bedrock\web\app\themes\moj-motyw\functions.php(38): Roots\Acorn\Configuration\ApplicationBuilder->boot()
#21 E:\LocalSites\bedrock-nauka\bedrock\web\wp\wp-settings.php(710): include('E:\\LocalSites\\b...')
#22 E:\LocalSites\bedrock-nauka\bedrock\web\wp-config.php(10): require_once('E:\\LocalSites\\b...')
#23 E:\LocalSites\bedrock-nauka\bedrock\web\wp\wp-load.php(55): require_once('E:\\LocalSites\\b...')
#24 E:\LocalSites\bedrock-nauka\bedrock\web\wp\wp-blog-header.php(13): require_once('E:\\LocalSites\\b...')
#25 E:\LocalSites\bedrock-nauka\bedrock\web\index.php(7): require('E:\\LocalSites\\b...')
#26 {main}

Next Roots\Acorn\Exceptions\SkipProviderException: Skipping provider [Roots\Acorn\View\ViewServiceProvider] because it encountered an error [ParseError]: syntax error, unexpected token "public", expecting "," or ";" in E:\LocalSites\bedrock-nauka\bedrock\web\app\themes\moj-motyw\vendor\roots\acorn\src\Roots\Acorn\Application.php:371
Stack trace:
#0 E:\LocalSites\bedrock-nauka\bedrock\web\app\themes\moj-motyw\vendor\roots\acorn\src\Roots\Acorn\Application.php(313): Roots\Acorn\Application->skipProvider(Object(Roots\Acorn\View\ViewServiceProvider), Object(ParseError))
#1 E:\LocalSites\bedrock-nauka\bedrock\web\app\themes\moj-motyw\vendor\roots\acorn\src\Illuminate\Foundation\Application.php(1131): Roots\Acorn\Application->bootProvider(Object(Roots\Acorn\View\ViewServiceProvider))
#2 [internal function]: Illuminate\Foundation\Application->{closure:Illuminate\Foundation\Application::boot():1130}(Object(Roots\Acorn\View\ViewServiceProvider), 'Roots\\Acorn\\Vie...')
#3 E:\LocalSites\bedrock-nauka\bedrock\web\app\themes\moj-motyw\vendor\roots\acorn\src\Illuminate\Foundation\Application.php(1130): array_walk(Array, Object(Closure))
#4 E:\LocalSites\bedrock-nauka\bedrock\web\app\themes\moj-motyw\vendor\roots\acorn\src\Illuminate\Foundation\Bootstrap\BootProviders.php(17): Illuminate\Foundation\Application->boot()
#5 E:\LocalSites\bedrock-nauka\bedrock\web\app\themes\moj-motyw\vendor\roots\acorn\src\Illuminate\Foundation\Application.php(341): Illuminate\Foundation\Bootstrap\BootProviders->bootstrap(Object(Roots\Acorn\Application))
#6 E:\LocalSites\bedrock-nauka\bedrock\web\app\themes\moj-motyw\vendor\roots\acorn\src\Illuminate\Foundation\Http\Kernel.php(186): Illuminate\Foundation\Application->bootstrapWith(Array)
#7 E:\LocalSites\bedrock-nauka\bedrock\web\app\themes\moj-motyw\vendor\roots\acorn\src\Roots\Acorn\Application\Concerns\Bootable.php(123): Illuminate\Foundation\Http\Kernel->bootstrap(Object(Illuminate\Http\Request))
#8 E:\LocalSites\bedrock-nauka\bedrock\web\app\themes\moj-motyw\vendor\roots\acorn\src\Roots\Acorn\Application\Concerns\Bootable.php(49): Roots\Acorn\Application->bootHttp()
#9 E:\LocalSites\bedrock-nauka\bedrock\web\app\themes\moj-motyw\vendor\roots\acorn\src\Roots\Acorn\Configuration\ApplicationBuilder.php(170): Roots\Acorn\Application->bootAcorn(Array)
#10 E:\LocalSites\bedrock-nauka\bedrock\web\app\themes\moj-motyw\functions.php(38): Roots\Acorn\Configuration\ApplicationBuilder->boot()
#11 E:\LocalSites\bedrock-nauka\bedrock\web\wp\wp-settings.php(710): include('E:\\LocalSites\\b...')
#12 E:\LocalSites\bedrock-nauka\bedrock\web\wp-config.php(10): require_once('E:\\LocalSites\\b...')
#13 E:\LocalSites\bedrock-nauka\bedrock\web\wp\wp-load.php(55): require_once('E:\\LocalSites\\b...')
#14 E:\LocalSites\bedrock-nauka\bedrock\web\wp\wp-blog-header.php(13): require_once('E:\\LocalSites\\b...')
#15 E:\LocalSites\bedrock-nauka\bedrock\web\index.php(7): require('E:\\LocalSites\\b...')
#16 {main}
  thrown in E:\LocalSites\bedrock-nauka\bedrock\web\app\themes\moj-motyw\vendor\roots\acorn\src\Roots\Acorn\Application.php on line 371
[20-Feb-2026 22:35:17 UTC] PHP Fatal error:  Uncaught ParseError: syntax error, unexpected token "public", expecting "," or ";" in E:\LocalSites\bedrock-nauka\bedrock\web\app\themes\moj-motyw\app\View\Composers\Page.php:13
Stack trace:
#0 E:\LocalSites\bedrock-nauka\bedrock\vendor\composer\ClassLoader.php(427): {closure:Composer\Autoload\ClassLoader::initializeIncludeClosure():575}('E:\\LocalSites\\b...')
#1 [internal function]: Composer\Autoload\ClassLoader->loadClass('App\\View\\Compos...')
#2 E:\LocalSites\bedrock-nauka\bedrock\web\app\themes\moj-motyw\vendor\roots\acorn\src\Roots\Acorn\View\ViewServiceProvider.php(195): is_subclass_of('App\\View\\Compos...', 'Roots\\Acorn\\Vie...')
#3 E:\LocalSites\bedrock-nauka\bedrock\web\app\themes\moj-motyw\vendor\roots\acorn\src\Roots\Acorn\View\ViewServiceProvider.php(37): Roots\Acorn\View\ViewServiceProvider->attachComposers()
#4 E:\LocalSites\bedrock-nauka\bedrock\web\app\themes\moj-motyw\vendor\illuminate\container\BoundMethod.php(36): Roots\Acorn\View\ViewServiceProvider->boot()
#5 E:\LocalSites\bedrock-nauka\bedrock\web\app\themes\moj-motyw\vendor\illuminate\container\Util.php(43): Illuminate\Container\BoundMethod::{closure:Illuminate\Container\BoundMethod::call():35}()
#6 E:\LocalSites\bedrock-nauka\bedrock\web\app\themes\moj-motyw\vendor\illuminate\container\BoundMethod.php(96): Illuminate\Container\Util::unwrapIfClosure(Object(Closure))
#7 E:\LocalSites\bedrock-nauka\bedrock\web\app\themes\moj-motyw\vendor\illuminate\container\BoundMethod.php(35): Illuminate\Container\BoundMethod::callBoundMethod(Object(Roots\Acorn\Application), Array, Object(Closure))
#8 E:\LocalSites\bedrock-nauka\bedrock\web\app\themes\moj-motyw\vendor\illuminate\container\Container.php(799): Illuminate\Container\BoundMethod::call(Object(Roots\Acorn\Application), Array, Array, NULL)
#9 E:\LocalSites\bedrock-nauka\bedrock\web\app\themes\moj-motyw\vendor\roots\acorn\src\Illuminate\Foundation\Application.php(1150): Illuminate\Container\Container->call(Array)
#10 E:\LocalSites\bedrock-nauka\bedrock\web\app\themes\moj-motyw\vendor\roots\acorn\src\Roots\Acorn\Application.php(311): Illuminate\Foundation\Application->bootProvider(Object(Roots\Acorn\View\ViewServiceProvider))
#11 E:\LocalSites\bedrock-nauka\bedrock\web\app\themes\moj-motyw\vendor\roots\acorn\src\Illuminate\Foundation\Application.php(1131): Roots\Acorn\Application->bootProvider(Object(Roots\Acorn\View\ViewServiceProvider))
#12 [internal function]: Illuminate\Foundation\Application->{closure:Illuminate\Foundation\Application::boot():1130}(Object(Roots\Acorn\View\ViewServiceProvider), 'Roots\\Acorn\\Vie...')
#13 E:\LocalSites\bedrock-nauka\bedrock\web\app\themes\moj-motyw\vendor\roots\acorn\src\Illuminate\Foundation\Application.php(1130): array_walk(Array, Object(Closure))
#14 E:\LocalSites\bedrock-nauka\bedrock\web\app\themes\moj-motyw\vendor\roots\acorn\src\Illuminate\Foundation\Bootstrap\BootProviders.php(17): Illuminate\Foundation\Application->boot()
#15 E:\LocalSites\bedrock-nauka\bedrock\web\app\themes\moj-motyw\vendor\roots\acorn\src\Illuminate\Foundation\Application.php(341): Illuminate\Foundation\Bootstrap\BootProviders->bootstrap(Object(Roots\Acorn\Application))
#16 E:\LocalSites\bedrock-nauka\bedrock\web\app\themes\moj-motyw\vendor\roots\acorn\src\Illuminate\Foundation\Http\Kernel.php(186): Illuminate\Foundation\Application->bootstrapWith(Array)
#17 E:\LocalSites\bedrock-nauka\bedrock\web\app\themes\moj-motyw\vendor\roots\acorn\src\Roots\Acorn\Application\Concerns\Bootable.php(123): Illuminate\Foundation\Http\Kernel->bootstrap(Object(Illuminate\Http\Request))
#18 E:\LocalSites\bedrock-nauka\bedrock\web\app\themes\moj-motyw\vendor\roots\acorn\src\Roots\Acorn\Application\Concerns\Bootable.php(49): Roots\Acorn\Application->bootHttp()
#19 E:\LocalSites\bedrock-nauka\bedrock\web\app\themes\moj-motyw\vendor\roots\acorn\src\Roots\Acorn\Configuration\ApplicationBuilder.php(170): Roots\Acorn\Application->bootAcorn(Array)
#20 E:\LocalSites\bedrock-nauka\bedrock\web\app\themes\moj-motyw\functions.php(38): Roots\Acorn\Configuration\ApplicationBuilder->boot()
#21 E:\LocalSites\bedrock-nauka\bedrock\web\wp\wp-settings.php(710): include('E:\\LocalSites\\b...')
#22 E:\LocalSites\bedrock-nauka\bedrock\web\wp-config.php(10): require_once('E:\\LocalSites\\b...')
#23 E:\LocalSites\bedrock-nauka\bedrock\web\wp\wp-load.php(55): require_once('E:\\LocalSites\\b...')
#24 E:\LocalSites\bedrock-nauka\bedrock\web\wp\wp-blog-header.php(13): require_once('E:\\LocalSites\\b...')
#25 E:\LocalSites\bedrock-nauka\bedrock\web\index.php(7): require('E:\\LocalSites\\b...')
#26 {main}

Next Roots\Acorn\Exceptions\SkipProviderException: Skipping provider [Roots\Acorn\View\ViewServiceProvider] because it encountered an error [ParseError]: syntax error, unexpected token "public", expecting "," or ";" in E:\LocalSites\bedrock-nauka\bedrock\web\app\themes\moj-motyw\vendor\roots\acorn\src\Roots\Acorn\Application.php:371
Stack trace:
#0 E:\LocalSites\bedrock-nauka\bedrock\web\app\themes\moj-motyw\vendor\roots\acorn\src\Roots\Acorn\Application.php(313): Roots\Acorn\Application->skipProvider(Object(Roots\Acorn\View\ViewServiceProvider), Object(ParseError))
#1 E:\LocalSites\bedrock-nauka\bedrock\web\app\themes\moj-motyw\vendor\roots\acorn\src\Illuminate\Foundation\Application.php(1131): Roots\Acorn\Application->bootProvider(Object(Roots\Acorn\View\ViewServiceProvider))
#2 [internal function]: Illuminate\Foundation\Application->{closure:Illuminate\Foundation\Application::boot():1130}(Object(Roots\Acorn\View\ViewServiceProvider), 'Roots\\Acorn\\Vie...')
#3 E:\LocalSites\bedrock-nauka\bedrock\web\app\themes\moj-motyw\vendor\roots\acorn\src\Illuminate\Foundation\Application.php(1130): array_walk(Array, Object(Closure))
#4 E:\LocalSites\bedrock-nauka\bedrock\web\app\themes\moj-motyw\vendor\roots\acorn\src\Illuminate\Foundation\Bootstrap\BootProviders.php(17): Illuminate\Foundation\Application->boot()
#5 E:\LocalSites\bedrock-nauka\bedrock\web\app\themes\moj-motyw\vendor\roots\acorn\src\Illuminate\Foundation\Application.php(341): Illuminate\Foundation\Bootstrap\BootProviders->bootstrap(Object(Roots\Acorn\Application))
#6 E:\LocalSites\bedrock-nauka\bedrock\web\app\themes\moj-motyw\vendor\roots\acorn\src\Illuminate\Foundation\Http\Kernel.php(186): Illuminate\Foundation\Application->bootstrapWith(Array)
#7 E:\LocalSites\bedrock-nauka\bedrock\web\app\themes\moj-motyw\vendor\roots\acorn\src\Roots\Acorn\Application\Concerns\Bootable.php(123): Illuminate\Foundation\Http\Kernel->bootstrap(Object(Illuminate\Http\Request))
#8 E:\LocalSites\bedrock-nauka\bedrock\web\app\themes\moj-motyw\vendor\roots\acorn\src\Roots\Acorn\Application\Concerns\Bootable.php(49): Roots\Acorn\Application->bootHttp()
#9 E:\LocalSites\bedrock-nauka\bedrock\web\app\themes\moj-motyw\vendor\roots\acorn\src\Roots\Acorn\Configuration\ApplicationBuilder.php(170): Roots\Acorn\Application->bootAcorn(Array)
#10 E:\LocalSites\bedrock-nauka\bedrock\web\app\themes\moj-motyw\functions.php(38): Roots\Acorn\Configuration\ApplicationBuilder->boot()
#11 E:\LocalSites\bedrock-nauka\bedrock\web\wp\wp-settings.php(710): include('E:\\LocalSites\\b...')
#12 E:\LocalSites\bedrock-nauka\bedrock\web\wp-config.php(10): require_once('E:\\LocalSites\\b...')
#13 E:\LocalSites\bedrock-nauka\bedrock\web\wp\wp-load.php(55): require_once('E:\\LocalSites\\b...')
#14 E:\LocalSites\bedrock-nauka\bedrock\web\wp\wp-blog-header.php(13): require_once('E:\\LocalSites\\b...')
#15 E:\LocalSites\bedrock-nauka\bedrock\web\index.php(7): require('E:\\LocalSites\\b...')
#16 {main}
  thrown in E:\LocalSites\bedrock-nauka\bedrock\web\app\themes\moj-motyw\vendor\roots\acorn\src\Roots\Acorn\Application.php on line 371
[20-Feb-2026 22:35:22 UTC] PHP Fatal error:  Uncaught ParseError: syntax error, unexpected token "public", expecting "," or ";" in E:\LocalSites\bedrock-nauka\bedrock\web\app\themes\moj-motyw\app\View\Composers\Page.php:13
Stack trace:
#0 E:\LocalSites\bedrock-nauka\bedrock\vendor\composer\ClassLoader.php(427): {closure:Composer\Autoload\ClassLoader::initializeIncludeClosure():575}('E:\\LocalSites\\b...')
#1 [internal function]: Composer\Autoload\ClassLoader->loadClass('App\\View\\Compos...')
#2 E:\LocalSites\bedrock-nauka\bedrock\web\app\themes\moj-motyw\vendor\roots\acorn\src\Roots\Acorn\View\ViewServiceProvider.php(195): is_subclass_of('App\\View\\Compos...', 'Roots\\Acorn\\Vie...')
#3 E:\LocalSites\bedrock-nauka\bedrock\web\app\themes\moj-motyw\vendor\roots\acorn\src\Roots\Acorn\View\ViewServiceProvider.php(37): Roots\Acorn\View\ViewServiceProvider->attachComposers()
#4 E:\LocalSites\bedrock-nauka\bedrock\web\app\themes\moj-motyw\vendor\illuminate\container\BoundMethod.php(36): Roots\Acorn\View\ViewServiceProvider->boot()
#5 E:\LocalSites\bedrock-nauka\bedrock\web\app\themes\moj-motyw\vendor\illuminate\container\Util.php(43): Illuminate\Container\BoundMethod::{closure:Illuminate\Container\BoundMethod::call():35}()
#6 E:\LocalSites\bedrock-nauka\bedrock\web\app\themes\moj-motyw\vendor\illuminate\container\BoundMethod.php(96): Illuminate\Container\Util::unwrapIfClosure(Object(Closure))
#7 E:\LocalSites\bedrock-nauka\bedrock\web\app\themes\moj-motyw\vendor\illuminate\container\BoundMethod.php(35): Illuminate\Container\BoundMethod::callBoundMethod(Object(Roots\Acorn\Application), Array, Object(Closure))
#8 E:\LocalSites\bedrock-nauka\bedrock\web\app\themes\moj-motyw\vendor\illuminate\container\Container.php(799): Illuminate\Container\BoundMethod::call(Object(Roots\Acorn\Application), Array, Array, NULL)
#9 E:\LocalSites\bedrock-nauka\bedrock\web\app\themes\moj-motyw\vendor\roots\acorn\src\Illuminate\Foundation\Application.php(1150): Illuminate\Container\Container->call(Array)
#10 E:\LocalSites\bedrock-nauka\bedrock\web\app\themes\moj-motyw\vendor\roots\acorn\src\Roots\Acorn\Application.php(311): Illuminate\Foundation\Application->bootProvider(Object(Roots\Acorn\View\ViewServiceProvider))
#11 E:\LocalSites\bedrock-nauka\bedrock\web\app\themes\moj-motyw\vendor\roots\acorn\src\Illuminate\Foundation\Application.php(1131): Roots\Acorn\Application->bootProvider(Object(Roots\Acorn\View\ViewServiceProvider))
#12 [internal function]: Illuminate\Foundation\Application->{closure:Illuminate\Foundation\Application::boot():1130}(Object(Roots\Acorn\View\ViewServiceProvider), 'Roots\\Acorn\\Vie...')
#13 E:\LocalSites\bedrock-nauka\bedrock\web\app\themes\moj-motyw\vendor\roots\acorn\src\Illuminate\Foundation\Application.php(1130): array_walk(Array, Object(Closure))
#14 E:\LocalSites\bedrock-nauka\bedrock\web\app\themes\moj-motyw\vendor\roots\acorn\src\Illuminate\Foundation\Bootstrap\BootProviders.php(17): Illuminate\Foundation\Application->boot()
#15 E:\LocalSites\bedrock-nauka\bedrock\web\app\themes\moj-motyw\vendor\roots\acorn\src\Illuminate\Foundation\Application.php(341): Illuminate\Foundation\Bootstrap\BootProviders->bootstrap(Object(Roots\Acorn\Application))
#16 E:\LocalSites\bedrock-nauka\bedrock\web\app\themes\moj-motyw\vendor\roots\acorn\src\Illuminate\Foundation\Http\Kernel.php(186): Illuminate\Foundation\Application->bootstrapWith(Array)
#17 E:\LocalSites\bedrock-nauka\bedrock\web\app\themes\moj-motyw\vendor\roots\acorn\src\Roots\Acorn\Application\Concerns\Bootable.php(123): Illuminate\Foundation\Http\Kernel->bootstrap(Object(Illuminate\Http\Request))
#18 E:\LocalSites\bedrock-nauka\bedrock\web\app\themes\moj-motyw\vendor\roots\acorn\src\Roots\Acorn\Application\Concerns\Bootable.php(49): Roots\Acorn\Application->bootHttp()
#19 E:\LocalSites\bedrock-nauka\bedrock\web\app\themes\moj-motyw\vendor\roots\acorn\src\Roots\Acorn\Configuration\ApplicationBuilder.php(170): Roots\Acorn\Application->bootAcorn(Array)
#20 E:\LocalSites\bedrock-nauka\bedrock\web\app\themes\moj-motyw\functions.php(38): Roots\Acorn\Configuration\ApplicationBuilder->boot()
#21 E:\LocalSites\bedrock-nauka\bedrock\web\wp\wp-settings.php(710): include('E:\\LocalSites\\b...')
#22 E:\LocalSites\bedrock-nauka\bedrock\web\wp-config.php(10): require_once('E:\\LocalSites\\b...')
#23 E:\LocalSites\bedrock-nauka\bedrock\web\wp\wp-load.php(55): require_once('E:\\LocalSites\\b...')
#24 E:\LocalSites\bedrock-nauka\bedrock\web\wp\wp-blog-header.php(13): require_once('E:\\LocalSites\\b...')
#25 E:\LocalSites\bedrock-nauka\bedrock\web\index.php(7): require('E:\\LocalSites\\b...')
#26 {main}

Next Roots\Acorn\Exceptions\SkipProviderException: Skipping provider [Roots\Acorn\View\ViewServiceProvider] because it encountered an error [ParseError]: syntax error, unexpected token "public", expecting "," or ";" in E:\LocalSites\bedrock-nauka\bedrock\web\app\themes\moj-motyw\vendor\roots\acorn\src\Roots\Acorn\Application.php:371
Stack trace:
#0 E:\LocalSites\bedrock-nauka\bedrock\web\app\themes\moj-motyw\vendor\roots\acorn\src\Roots\Acorn\Application.php(313): Roots\Acorn\Application->skipProvider(Object(Roots\Acorn\View\ViewServiceProvider), Object(ParseError))
#1 E:\LocalSites\bedrock-nauka\bedrock\web\app\themes\moj-motyw\vendor\roots\acorn\src\Illuminate\Foundation\Application.php(1131): Roots\Acorn\Application->bootProvider(Object(Roots\Acorn\View\ViewServiceProvider))
#2 [internal function]: Illuminate\Foundation\Application->{closure:Illuminate\Foundation\Application::boot():1130}(Object(Roots\Acorn\View\ViewServiceProvider), 'Roots\\Acorn\\Vie...')
#3 E:\LocalSites\bedrock-nauka\bedrock\web\app\themes\moj-motyw\vendor\roots\acorn\src\Illuminate\Foundation\Application.php(1130): array_walk(Array, Object(Closure))
#4 E:\LocalSites\bedrock-nauka\bedrock\web\app\themes\moj-motyw\vendor\roots\acorn\src\Illuminate\Foundation\Bootstrap\BootProviders.php(17): Illuminate\Foundation\Application->boot()
#5 E:\LocalSites\bedrock-nauka\bedrock\web\app\themes\moj-motyw\vendor\roots\acorn\src\Illuminate\Foundation\Application.php(341): Illuminate\Foundation\Bootstrap\BootProviders->bootstrap(Object(Roots\Acorn\Application))
#6 E:\LocalSites\bedrock-nauka\bedrock\web\app\themes\moj-motyw\vendor\roots\acorn\src\Illuminate\Foundation\Http\Kernel.php(186): Illuminate\Foundation\Application->bootstrapWith(Array)
#7 E:\LocalSites\bedrock-nauka\bedrock\web\app\themes\moj-motyw\vendor\roots\acorn\src\Roots\Acorn\Application\Concerns\Bootable.php(123): Illuminate\Foundation\Http\Kernel->bootstrap(Object(Illuminate\Http\Request))
#8 E:\LocalSites\bedrock-nauka\bedrock\web\app\themes\moj-motyw\vendor\roots\acorn\src\Roots\Acorn\Application\Concerns\Bootable.php(49): Roots\Acorn\Application->bootHttp()
#9 E:\LocalSites\bedrock-nauka\bedrock\web\app\themes\moj-motyw\vendor\roots\acorn\src\Roots\Acorn\Configuration\ApplicationBuilder.php(170): Roots\Acorn\Application->bootAcorn(Array)
#10 E:\LocalSites\bedrock-nauka\bedrock\web\app\themes\moj-motyw\functions.php(38): Roots\Acorn\Configuration\ApplicationBuilder->boot()
#11 E:\LocalSites\bedrock-nauka\bedrock\web\wp\wp-settings.php(710): include('E:\\LocalSites\\b...')
#12 E:\LocalSites\bedrock-nauka\bedrock\web\wp-config.php(10): require_once('E:\\LocalSites\\b...')
#13 E:\LocalSites\bedrock-nauka\bedrock\web\wp\wp-load.php(55): require_once('E:\\LocalSites\\b...')
#14 E:\LocalSites\bedrock-nauka\bedrock\web\wp\wp-blog-header.php(13): require_once('E:\\LocalSites\\b...')
#15 E:\LocalSites\bedrock-nauka\bedrock\web\index.php(7): require('E:\\LocalSites\\b...')
#16 {main}
  thrown in E:\LocalSites\bedrock-nauka\bedrock\web\app\themes\moj-motyw\vendor\roots\acorn\src\Roots\Acorn\Application.php on line 371
[20-Feb-2026 22:35:23 UTC] PHP Fatal error:  Uncaught ParseError: syntax error, unexpected token "public", expecting "," or ";" in E:\LocalSites\bedrock-nauka\bedrock\web\app\themes\moj-motyw\app\View\Composers\Page.php:13
Stack trace:
#0 E:\LocalSites\bedrock-nauka\bedrock\vendor\composer\ClassLoader.php(427): {closure:Composer\Autoload\ClassLoader::initializeIncludeClosure():575}('E:\\LocalSites\\b...')
#1 [internal function]: Composer\Autoload\ClassLoader->loadClass('App\\View\\Compos...')
#2 E:\LocalSites\bedrock-nauka\bedrock\web\app\themes\moj-motyw\vendor\roots\acorn\src\Roots\Acorn\View\ViewServiceProvider.php(195): is_subclass_of('App\\View\\Compos...', 'Roots\\Acorn\\Vie...')
#3 E:\LocalSites\bedrock-nauka\bedrock\web\app\themes\moj-motyw\vendor\roots\acorn\src\Roots\Acorn\View\ViewServiceProvider.php(37): Roots\Acorn\View\ViewServiceProvider->attachComposers()
#4 E:\LocalSites\bedrock-nauka\bedrock\web\app\themes\moj-motyw\vendor\illuminate\container\BoundMethod.php(36): Roots\Acorn\View\ViewServiceProvider->boot()
#5 E:\LocalSites\bedrock-nauka\bedrock\web\app\themes\moj-motyw\vendor\illuminate\container\Util.php(43): Illuminate\Container\BoundMethod::{closure:Illuminate\Container\BoundMethod::call():35}()
#6 E:\LocalSites\bedrock-nauka\bedrock\web\app\themes\moj-motyw\vendor\illuminate\container\BoundMethod.php(96): Illuminate\Container\Util::unwrapIfClosure(Object(Closure))
#7 E:\LocalSites\bedrock-nauka\bedrock\web\app\themes\moj-motyw\vendor\illuminate\container\BoundMethod.php(35): Illuminate\Container\BoundMethod::callBoundMethod(Object(Roots\Acorn\Application), Array, Object(Closure))
#8 E:\LocalSites\bedrock-nauka\bedrock\web\app\themes\moj-motyw\vendor\illuminate\container\Container.php(799): Illuminate\Container\BoundMethod::call(Object(Roots\Acorn\Application), Array, Array, NULL)
#9 E:\LocalSites\bedrock-nauka\bedrock\web\app\themes\moj-motyw\vendor\roots\acorn\src\Illuminate\Foundation\Application.php(1150): Illuminate\Container\Container->call(Array)
#10 E:\LocalSites\bedrock-nauka\bedrock\web\app\themes\moj-motyw\vendor\roots\acorn\src\Roots\Acorn\Application.php(311): Illuminate\Foundation\Application->bootProvider(Object(Roots\Acorn\View\ViewServiceProvider))
#11 E:\LocalSites\bedrock-nauka\bedrock\web\app\themes\moj-motyw\vendor\roots\acorn\src\Illuminate\Foundation\Application.php(1131): Roots\Acorn\Application->bootProvider(Object(Roots\Acorn\View\ViewServiceProvider))
#12 [internal function]: Illuminate\Foundation\Application->{closure:Illuminate\Foundation\Application::boot():1130}(Object(Roots\Acorn\View\ViewServiceProvider), 'Roots\\Acorn\\Vie...')
#13 E:\LocalSites\bedrock-nauka\bedrock\web\app\themes\moj-motyw\vendor\roots\acorn\src\Illuminate\Foundation\Application.php(1130): array_walk(Array, Object(Closure))
#14 E:\LocalSites\bedrock-nauka\bedrock\web\app\themes\moj-motyw\vendor\roots\acorn\src\Illuminate\Foundation\Bootstrap\BootProviders.php(17): Illuminate\Foundation\Application->boot()
#15 E:\LocalSites\bedrock-nauka\bedrock\web\app\themes\moj-motyw\vendor\roots\acorn\src\Illuminate\Foundation\Application.php(341): Illuminate\Foundation\Bootstrap\BootProviders->bootstrap(Object(Roots\Acorn\Application))
#16 E:\LocalSites\bedrock-nauka\bedrock\web\app\themes\moj-motyw\vendor\roots\acorn\src\Illuminate\Foundation\Http\Kernel.php(186): Illuminate\Foundation\Application->bootstrapWith(Array)
#17 E:\LocalSites\bedrock-nauka\bedrock\web\app\themes\moj-motyw\vendor\roots\acorn\src\Roots\Acorn\Application\Concerns\Bootable.php(123): Illuminate\Foundation\Http\Kernel->bootstrap(Object(Illuminate\Http\Request))
#18 E:\LocalSites\bedrock-nauka\bedrock\web\app\themes\moj-motyw\vendor\roots\acorn\src\Roots\Acorn\Application\Concerns\Bootable.php(49): Roots\Acorn\Application->bootHttp()
#19 E:\LocalSites\bedrock-nauka\bedrock\web\app\themes\moj-motyw\vendor\roots\acorn\src\Roots\Acorn\Configuration\ApplicationBuilder.php(170): Roots\Acorn\Application->bootAcorn(Array)
#20 E:\LocalSites\bedrock-nauka\bedrock\web\app\themes\moj-motyw\functions.php(38): Roots\Acorn\Configuration\ApplicationBuilder->boot()
#21 E:\LocalSites\bedrock-nauka\bedrock\web\wp\wp-settings.php(710): include('E:\\LocalSites\\b...')
#22 E:\LocalSites\bedrock-nauka\bedrock\web\wp-config.php(10): require_once('E:\\LocalSites\\b...')
#23 E:\LocalSites\bedrock-nauka\bedrock\web\wp\wp-load.php(55): require_once('E:\\LocalSites\\b...')
#24 E:\LocalSites\bedrock-nauka\bedrock\web\wp\wp-blog-header.php(13): require_once('E:\\LocalSites\\b...')
#25 E:\LocalSites\bedrock-nauka\bedrock\web\index.php(7): require('E:\\LocalSites\\b...')
#26 {main}

Next Roots\Acorn\Exceptions\SkipProviderException: Skipping provider [Roots\Acorn\View\ViewServiceProvider] because it encountered an error [ParseError]: syntax error, unexpected token "public", expecting "," or ";" in E:\LocalSites\bedrock-nauka\bedrock\web\app\themes\moj-motyw\vendor\roots\acorn\src\Roots\Acorn\Application.php:371
Stack trace:
#0 E:\LocalSites\bedrock-nauka\bedrock\web\app\themes\moj-motyw\vendor\roots\acorn\src\Roots\Acorn\Application.php(313): Roots\Acorn\Application->skipProvider(Object(Roots\Acorn\View\ViewServiceProvider), Object(ParseError))
#1 E:\LocalSites\bedrock-nauka\bedrock\web\app\themes\moj-motyw\vendor\roots\acorn\src\Illuminate\Foundation\Application.php(1131): Roots\Acorn\Application->bootProvider(Object(Roots\Acorn\View\ViewServiceProvider))
#2 [internal function]: Illuminate\Foundation\Application->{closure:Illuminate\Foundation\Application::boot():1130}(Object(Roots\Acorn\View\ViewServiceProvider), 'Roots\\Acorn\\Vie...')
#3 E:\LocalSites\bedrock-nauka\bedrock\web\app\themes\moj-motyw\vendor\roots\acorn\src\Illuminate\Foundation\Application.php(1130): array_walk(Array, Object(Closure))
#4 E:\LocalSites\bedrock-nauka\bedrock\web\app\themes\moj-motyw\vendor\roots\acorn\src\Illuminate\Foundation\Bootstrap\BootProviders.php(17): Illuminate\Foundation\Application->boot()
#5 E:\LocalSites\bedrock-nauka\bedrock\web\app\themes\moj-motyw\vendor\roots\acorn\src\Illuminate\Foundation\Application.php(341): Illuminate\Foundation\Bootstrap\BootProviders->bootstrap(Object(Roots\Acorn\Application))
#6 E:\LocalSites\bedrock-nauka\bedrock\web\app\themes\moj-motyw\vendor\roots\acorn\src\Illuminate\Foundation\Http\Kernel.php(186): Illuminate\Foundation\Application->bootstrapWith(Array)
#7 E:\LocalSites\bedrock-nauka\bedrock\web\app\themes\moj-motyw\vendor\roots\acorn\src\Roots\Acorn\Application\Concerns\Bootable.php(123): Illuminate\Foundation\Http\Kernel->bootstrap(Object(Illuminate\Http\Request))
#8 E:\LocalSites\bedrock-nauka\bedrock\web\app\themes\moj-motyw\vendor\roots\acorn\src\Roots\Acorn\Application\Concerns\Bootable.php(49): Roots\Acorn\Application->bootHttp()
#9 E:\LocalSites\bedrock-nauka\bedrock\web\app\themes\moj-motyw\vendor\roots\acorn\src\Roots\Acorn\Configuration\ApplicationBuilder.php(170): Roots\Acorn\Application->bootAcorn(Array)
#10 E:\LocalSites\bedrock-nauka\bedrock\web\app\themes\moj-motyw\functions.php(38): Roots\Acorn\Configuration\ApplicationBuilder->boot()
#11 E:\LocalSites\bedrock-nauka\bedrock\web\wp\wp-settings.php(710): include('E:\\LocalSites\\b...')
#12 E:\LocalSites\bedrock-nauka\bedrock\web\wp-config.php(10): require_once('E:\\LocalSites\\b...')
#13 E:\LocalSites\bedrock-nauka\bedrock\web\wp\wp-load.php(55): require_once('E:\\LocalSites\\b...')
#14 E:\LocalSites\bedrock-nauka\bedrock\web\wp\wp-blog-header.php(13): require_once('E:\\LocalSites\\b...')
#15 E:\LocalSites\bedrock-nauka\bedrock\web\index.php(7): require('E:\\LocalSites\\b...')
#16 {main}
  thrown in E:\LocalSites\bedrock-nauka\bedrock\web\app\themes\moj-motyw\vendor\roots\acorn\src\Roots\Acorn\Application.php on line 371
[20-Feb-2026 22:35:30 UTC] PHP Fatal error:  Uncaught ParseError: syntax error, unexpected token "public", expecting "," or ";" in E:\LocalSites\bedrock-nauka\bedrock\web\app\themes\moj-motyw\app\View\Composers\Page.php:13
Stack trace:
#0 E:\LocalSites\bedrock-nauka\bedrock\vendor\composer\ClassLoader.php(427): {closure:Composer\Autoload\ClassLoader::initializeIncludeClosure():575}('E:\\LocalSites\\b...')
#1 [internal function]: Composer\Autoload\ClassLoader->loadClass('App\\View\\Compos...')
#2 E:\LocalSites\bedrock-nauka\bedrock\web\app\themes\moj-motyw\vendor\roots\acorn\src\Roots\Acorn\View\ViewServiceProvider.php(195): is_subclass_of('App\\View\\Compos...', 'Roots\\Acorn\\Vie...')
#3 E:\LocalSites\bedrock-nauka\bedrock\web\app\themes\moj-motyw\vendor\roots\acorn\src\Roots\Acorn\View\ViewServiceProvider.php(37): Roots\Acorn\View\ViewServiceProvider->attachComposers()
#4 E:\LocalSites\bedrock-nauka\bedrock\web\app\themes\moj-motyw\vendor\illuminate\container\BoundMethod.php(36): Roots\Acorn\View\ViewServiceProvider->boot()
#5 E:\LocalSites\bedrock-nauka\bedrock\web\app\themes\moj-motyw\vendor\illuminate\container\Util.php(43): Illuminate\Container\BoundMethod::{closure:Illuminate\Container\BoundMethod::call():35}()
#6 E:\LocalSites\bedrock-nauka\bedrock\web\app\themes\moj-motyw\vendor\illuminate\container\BoundMethod.php(96): Illuminate\Container\Util::unwrapIfClosure(Object(Closure))
#7 E:\LocalSites\bedrock-nauka\bedrock\web\app\themes\moj-motyw\vendor\illuminate\container\BoundMethod.php(35): Illuminate\Container\BoundMethod::callBoundMethod(Object(Roots\Acorn\Application), Array, Object(Closure))
#8 E:\LocalSites\bedrock-nauka\bedrock\web\app\themes\moj-motyw\vendor\illuminate\container\Container.php(799): Illuminate\Container\BoundMethod::call(Object(Roots\Acorn\Application), Array, Array, NULL)
#9 E:\LocalSites\bedrock-nauka\bedrock\web\app\themes\moj-motyw\vendor\roots\acorn\src\Illuminate\Foundation\Application.php(1150): Illuminate\Container\Container->call(Array)
#10 E:\LocalSites\bedrock-nauka\bedrock\web\app\themes\moj-motyw\vendor\roots\acorn\src\Roots\Acorn\Application.php(311): Illuminate\Foundation\Application->bootProvider(Object(Roots\Acorn\View\ViewServiceProvider))
#11 E:\LocalSites\bedrock-nauka\bedrock\web\app\themes\moj-motyw\vendor\roots\acorn\src\Illuminate\Foundation\Application.php(1131): Roots\Acorn\Application->bootProvider(Object(Roots\Acorn\View\ViewServiceProvider))
#12 [internal function]: Illuminate\Foundation\Application->{closure:Illuminate\Foundation\Application::boot():1130}(Object(Roots\Acorn\View\ViewServiceProvider), 'Roots\\Acorn\\Vie...')
#13 E:\LocalSites\bedrock-nauka\bedrock\web\app\themes\moj-motyw\vendor\roots\acorn\src\Illuminate\Foundation\Application.php(1130): array_walk(Array, Object(Closure))
#14 E:\LocalSites\bedrock-nauka\bedrock\web\app\themes\moj-motyw\vendor\roots\acorn\src\Illuminate\Foundation\Bootstrap\BootProviders.php(17): Illuminate\Foundation\Application->boot()
#15 E:\LocalSites\bedrock-nauka\bedrock\web\app\themes\moj-motyw\vendor\roots\acorn\src\Illuminate\Foundation\Application.php(341): Illuminate\Foundation\Bootstrap\BootProviders->bootstrap(Object(Roots\Acorn\Application))
#16 E:\LocalSites\bedrock-nauka\bedrock\web\app\themes\moj-motyw\vendor\roots\acorn\src\Illuminate\Foundation\Http\Kernel.php(186): Illuminate\Foundation\Application->bootstrapWith(Array)
#17 E:\LocalSites\bedrock-nauka\bedrock\web\app\themes\moj-motyw\vendor\roots\acorn\src\Roots\Acorn\Application\Concerns\Bootable.php(123): Illuminate\Foundation\Http\Kernel->bootstrap(Object(Illuminate\Http\Request))
#18 E:\LocalSites\bedrock-nauka\bedrock\web\app\themes\moj-motyw\vendor\roots\acorn\src\Roots\Acorn\Application\Concerns\Bootable.php(49): Roots\Acorn\Application->bootHttp()
#19 E:\LocalSites\bedrock-nauka\bedrock\web\app\themes\moj-motyw\vendor\roots\acorn\src\Roots\Acorn\Configuration\ApplicationBuilder.php(170): Roots\Acorn\Application->bootAcorn(Array)
#20 E:\LocalSites\bedrock-nauka\bedrock\web\app\themes\moj-motyw\functions.php(38): Roots\Acorn\Configuration\ApplicationBuilder->boot()
#21 E:\LocalSites\bedrock-nauka\bedrock\web\wp\wp-settings.php(710): include('E:\\LocalSites\\b...')
#22 E:\LocalSites\bedrock-nauka\bedrock\web\wp-config.php(10): require_once('E:\\LocalSites\\b...')
#23 E:\LocalSites\bedrock-nauka\bedrock\web\wp\wp-load.php(55): require_once('E:\\LocalSites\\b...')
#24 E:\LocalSites\bedrock-nauka\bedrock\web\wp\wp-blog-header.php(13): require_once('E:\\LocalSites\\b...')
#25 E:\LocalSites\bedrock-nauka\bedrock\web\index.php(7): require('E:\\LocalSites\\b...')
#26 {main}

Next Roots\Acorn\Exceptions\SkipProviderException: Skipping provider [Roots\Acorn\View\ViewServiceProvider] because it encountered an error [ParseError]: syntax error, unexpected token "public", expecting "," or ";" in E:\LocalSites\bedrock-nauka\bedrock\web\app\themes\moj-motyw\vendor\roots\acorn\src\Roots\Acorn\Application.php:371
Stack trace:
#0 E:\LocalSites\bedrock-nauka\bedrock\web\app\themes\moj-motyw\vendor\roots\acorn\src\Roots\Acorn\Application.php(313): Roots\Acorn\Application->skipProvider(Object(Roots\Acorn\View\ViewServiceProvider), Object(ParseError))
#1 E:\LocalSites\bedrock-nauka\bedrock\web\app\themes\moj-motyw\vendor\roots\acorn\src\Illuminate\Foundation\Application.php(1131): Roots\Acorn\Application->bootProvider(Object(Roots\Acorn\View\ViewServiceProvider))
#2 [internal function]: Illuminate\Foundation\Application->{closure:Illuminate\Foundation\Application::boot():1130}(Object(Roots\Acorn\View\ViewServiceProvider), 'Roots\\Acorn\\Vie...')
#3 E:\LocalSites\bedrock-nauka\bedrock\web\app\themes\moj-motyw\vendor\roots\acorn\src\Illuminate\Foundation\Application.php(1130): array_walk(Array, Object(Closure))
#4 E:\LocalSites\bedrock-nauka\bedrock\web\app\themes\moj-motyw\vendor\roots\acorn\src\Illuminate\Foundation\Bootstrap\BootProviders.php(17): Illuminate\Foundation\Application->boot()
#5 E:\LocalSites\bedrock-nauka\bedrock\web\app\themes\moj-motyw\vendor\roots\acorn\src\Illuminate\Foundation\Application.php(341): Illuminate\Foundation\Bootstrap\BootProviders->bootstrap(Object(Roots\Acorn\Application))
#6 E:\LocalSites\bedrock-nauka\bedrock\web\app\themes\moj-motyw\vendor\roots\acorn\src\Illuminate\Foundation\Http\Kernel.php(186): Illuminate\Foundation\Application->bootstrapWith(Array)
#7 E:\LocalSites\bedrock-nauka\bedrock\web\app\themes\moj-motyw\vendor\roots\acorn\src\Roots\Acorn\Application\Concerns\Bootable.php(123): Illuminate\Foundation\Http\Kernel->bootstrap(Object(Illuminate\Http\Request))
#8 E:\LocalSites\bedrock-nauka\bedrock\web\app\themes\moj-motyw\vendor\roots\acorn\src\Roots\Acorn\Application\Concerns\Bootable.php(49): Roots\Acorn\Application->bootHttp()
#9 E:\LocalSites\bedrock-nauka\bedrock\web\app\themes\moj-motyw\vendor\roots\acorn\src\Roots\Acorn\Configuration\ApplicationBuilder.php(170): Roots\Acorn\Application->bootAcorn(Array)
#10 E:\LocalSites\bedrock-nauka\bedrock\web\app\themes\moj-motyw\functions.php(38): Roots\Acorn\Configuration\ApplicationBuilder->boot()
#11 E:\LocalSites\bedrock-nauka\bedrock\web\wp\wp-settings.php(710): include('E:\\LocalSites\\b...')
#12 E:\LocalSites\bedrock-nauka\bedrock\web\wp-config.php(10): require_once('E:\\LocalSites\\b...')
#13 E:\LocalSites\bedrock-nauka\bedrock\web\wp\wp-load.php(55): require_once('E:\\LocalSites\\b...')
#14 E:\LocalSites\bedrock-nauka\bedrock\web\wp\wp-blog-header.php(13): require_once('E:\\LocalSites\\b...')
#15 E:\LocalSites\bedrock-nauka\bedrock\web\index.php(7): require('E:\\LocalSites\\b...')
#16 {main}
  thrown in E:\LocalSites\bedrock-nauka\bedrock\web\app\themes\moj-motyw\vendor\roots\acorn\src\Roots\Acorn\Application.php on line 371
[20-Feb-2026 22:35:30 UTC] PHP Fatal error:  Uncaught ParseError: syntax error, unexpected token "public", expecting "," or ";" in E:\LocalSites\bedrock-nauka\bedrock\web\app\themes\moj-motyw\app\View\Composers\Page.php:13
Stack trace:
#0 E:\LocalSites\bedrock-nauka\bedrock\vendor\composer\ClassLoader.php(427): {closure:Composer\Autoload\ClassLoader::initializeIncludeClosure():575}('E:\\LocalSites\\b...')
#1 [internal function]: Composer\Autoload\ClassLoader->loadClass('App\\View\\Compos...')
#2 E:\LocalSites\bedrock-nauka\bedrock\web\app\themes\moj-motyw\vendor\roots\acorn\src\Roots\Acorn\View\ViewServiceProvider.php(195): is_subclass_of('App\\View\\Compos...', 'Roots\\Acorn\\Vie...')
#3 E:\LocalSites\bedrock-nauka\bedrock\web\app\themes\moj-motyw\vendor\roots\acorn\src\Roots\Acorn\View\ViewServiceProvider.php(37): Roots\Acorn\View\ViewServiceProvider->attachComposers()
#4 E:\LocalSites\bedrock-nauka\bedrock\web\app\themes\moj-motyw\vendor\illuminate\container\BoundMethod.php(36): Roots\Acorn\View\ViewServiceProvider->boot()
#5 E:\LocalSites\bedrock-nauka\bedrock\web\app\themes\moj-motyw\vendor\illuminate\container\Util.php(43): Illuminate\Container\BoundMethod::{closure:Illuminate\Container\BoundMethod::call():35}()
#6 E:\LocalSites\bedrock-nauka\bedrock\web\app\themes\moj-motyw\vendor\illuminate\container\BoundMethod.php(96): Illuminate\Container\Util::unwrapIfClosure(Object(Closure))
#7 E:\LocalSites\bedrock-nauka\bedrock\web\app\themes\moj-motyw\vendor\illuminate\container\BoundMethod.php(35): Illuminate\Container\BoundMethod::callBoundMethod(Object(Roots\Acorn\Application), Array, Object(Closure))
#8 E:\LocalSites\bedrock-nauka\bedrock\web\app\themes\moj-motyw\vendor\illuminate\container\Container.php(799): Illuminate\Container\BoundMethod::call(Object(Roots\Acorn\Application), Array, Array, NULL)
#9 E:\LocalSites\bedrock-nauka\bedrock\web\app\themes\moj-motyw\vendor\roots\acorn\src\Illuminate\Foundation\Application.php(1150): Illuminate\Container\Container->call(Array)
#10 E:\LocalSites\bedrock-nauka\bedrock\web\app\themes\moj-motyw\vendor\roots\acorn\src\Roots\Acorn\Application.php(311): Illuminate\Foundation\Application->bootProvider(Object(Roots\Acorn\View\ViewServiceProvider))
#11 E:\LocalSites\bedrock-nauka\bedrock\web\app\themes\moj-motyw\vendor\roots\acorn\src\Illuminate\Foundation\Application.php(1131): Roots\Acorn\Application->bootProvider(Object(Roots\Acorn\View\ViewServiceProvider))
#12 [internal function]: Illuminate\Foundation\Application->{closure:Illuminate\Foundation\Application::boot():1130}(Object(Roots\Acorn\View\ViewServiceProvider), 'Roots\\Acorn\\Vie...')
#13 E:\LocalSites\bedrock-nauka\bedrock\web\app\themes\moj-motyw\vendor\roots\acorn\src\Illuminate\Foundation\Application.php(1130): array_walk(Array, Object(Closure))
#14 E:\LocalSites\bedrock-nauka\bedrock\web\app\themes\moj-motyw\vendor\roots\acorn\src\Illuminate\Foundation\Bootstrap\BootProviders.php(17): Illuminate\Foundation\Application->boot()
#15 E:\LocalSites\bedrock-nauka\bedrock\web\app\themes\moj-motyw\vendor\roots\acorn\src\Illuminate\Foundation\Application.php(341): Illuminate\Foundation\Bootstrap\BootProviders->bootstrap(Object(Roots\Acorn\Application))
#16 E:\LocalSites\bedrock-nauka\bedrock\web\app\themes\moj-motyw\vendor\roots\acorn\src\Illuminate\Foundation\Http\Kernel.php(186): Illuminate\Foundation\Application->bootstrapWith(Array)
#17 E:\LocalSites\bedrock-nauka\bedrock\web\app\themes\moj-motyw\vendor\roots\acorn\src\Roots\Acorn\Application\Concerns\Bootable.php(123): Illuminate\Foundation\Http\Kernel->bootstrap(Object(Illuminate\Http\Request))
#18 E:\LocalSites\bedrock-nauka\bedrock\web\app\themes\moj-motyw\vendor\roots\acorn\src\Roots\Acorn\Application\Concerns\Bootable.php(49): Roots\Acorn\Application->bootHttp()
#19 E:\LocalSites\bedrock-nauka\bedrock\web\app\themes\moj-motyw\vendor\roots\acorn\src\Roots\Acorn\Configuration\ApplicationBuilder.php(170): Roots\Acorn\Application->bootAcorn(Array)
#20 E:\LocalSites\bedrock-nauka\bedrock\web\app\themes\moj-motyw\functions.php(38): Roots\Acorn\Configuration\ApplicationBuilder->boot()
#21 E:\LocalSites\bedrock-nauka\bedrock\web\wp\wp-settings.php(710): include('E:\\LocalSites\\b...')
#22 E:\LocalSites\bedrock-nauka\bedrock\web\wp-config.php(10): require_once('E:\\LocalSites\\b...')
#23 E:\LocalSites\bedrock-nauka\bedrock\web\wp\wp-load.php(55): require_once('E:\\LocalSites\\b...')
#24 E:\LocalSites\bedrock-nauka\bedrock\web\wp\wp-blog-header.php(13): require_once('E:\\LocalSites\\b...')
#25 E:\LocalSites\bedrock-nauka\bedrock\web\index.php(7): require('E:\\LocalSites\\b...')
#26 {main}

Next Roots\Acorn\Exceptions\SkipProviderException: Skipping provider [Roots\Acorn\View\ViewServiceProvider] because it encountered an error [ParseError]: syntax error, unexpected token "public", expecting "," or ";" in E:\LocalSites\bedrock-nauka\bedrock\web\app\themes\moj-motyw\vendor\roots\acorn\src\Roots\Acorn\Application.php:371
Stack trace:
#0 E:\LocalSites\bedrock-nauka\bedrock\web\app\themes\moj-motyw\vendor\roots\acorn\src\Roots\Acorn\Application.php(313): Roots\Acorn\Application->skipProvider(Object(Roots\Acorn\View\ViewServiceProvider), Object(ParseError))
#1 E:\LocalSites\bedrock-nauka\bedrock\web\app\themes\moj-motyw\vendor\roots\acorn\src\Illuminate\Foundation\Application.php(1131): Roots\Acorn\Application->bootProvider(Object(Roots\Acorn\View\ViewServiceProvider))
#2 [internal function]: Illuminate\Foundation\Application->{closure:Illuminate\Foundation\Application::boot():1130}(Object(Roots\Acorn\View\ViewServiceProvider), 'Roots\\Acorn\\Vie...')
#3 E:\LocalSites\bedrock-nauka\bedrock\web\app\themes\moj-motyw\vendor\roots\acorn\src\Illuminate\Foundation\Application.php(1130): array_walk(Array, Object(Closure))
#4 E:\LocalSites\bedrock-nauka\bedrock\web\app\themes\moj-motyw\vendor\roots\acorn\src\Illuminate\Foundation\Bootstrap\BootProviders.php(17): Illuminate\Foundation\Application->boot()
#5 E:\LocalSites\bedrock-nauka\bedrock\web\app\themes\moj-motyw\vendor\roots\acorn\src\Illuminate\Foundation\Application.php(341): Illuminate\Foundation\Bootstrap\BootProviders->bootstrap(Object(Roots\Acorn\Application))
#6 E:\LocalSites\bedrock-nauka\bedrock\web\app\themes\moj-motyw\vendor\roots\acorn\src\Illuminate\Foundation\Http\Kernel.php(186): Illuminate\Foundation\Application->bootstrapWith(Array)
#7 E:\LocalSites\bedrock-nauka\bedrock\web\app\themes\moj-motyw\vendor\roots\acorn\src\Roots\Acorn\Application\Concerns\Bootable.php(123): Illuminate\Foundation\Http\Kernel->bootstrap(Object(Illuminate\Http\Request))
#8 E:\LocalSites\bedrock-nauka\bedrock\web\app\themes\moj-motyw\vendor\roots\acorn\src\Roots\Acorn\Application\Concerns\Bootable.php(49): Roots\Acorn\Application->bootHttp()
#9 E:\LocalSites\bedrock-nauka\bedrock\web\app\themes\moj-motyw\vendor\roots\acorn\src\Roots\Acorn\Configuration\ApplicationBuilder.php(170): Roots\Acorn\Application->bootAcorn(Array)
#10 E:\LocalSites\bedrock-nauka\bedrock\web\app\themes\moj-motyw\functions.php(38): Roots\Acorn\Configuration\ApplicationBuilder->boot()
#11 E:\LocalSites\bedrock-nauka\bedrock\web\wp\wp-settings.php(710): include('E:\\LocalSites\\b...')
#12 E:\LocalSites\bedrock-nauka\bedrock\web\wp-config.php(10): require_once('E:\\LocalSites\\b...')
#13 E:\LocalSites\bedrock-nauka\bedrock\web\wp\wp-load.php(55): require_once('E:\\LocalSites\\b...')
#14 E:\LocalSites\bedrock-nauka\bedrock\web\wp\wp-blog-header.php(13): require_once('E:\\LocalSites\\b...')
#15 E:\LocalSites\bedrock-nauka\bedrock\web\index.php(7): require('E:\\LocalSites\\b...')
#16 {main}
  thrown in E:\LocalSites\bedrock-nauka\bedrock\web\app\themes\moj-motyw\vendor\roots\acorn\src\Roots\Acorn\Application.php on line 371
[20-Feb-2026 22:35:33 UTC] PHP Fatal error:  Uncaught ParseError: syntax error, unexpected token "public", expecting "," or ";" in E:\LocalSites\bedrock-nauka\bedrock\web\app\themes\moj-motyw\app\View\Composers\Page.php:13
Stack trace:
#0 E:\LocalSites\bedrock-nauka\bedrock\vendor\composer\ClassLoader.php(427): {closure:Composer\Autoload\ClassLoader::initializeIncludeClosure():575}('E:\\LocalSites\\b...')
#1 [internal function]: Composer\Autoload\ClassLoader->loadClass('App\\View\\Compos...')
#2 E:\LocalSites\bedrock-nauka\bedrock\web\app\themes\moj-motyw\vendor\roots\acorn\src\Roots\Acorn\View\ViewServiceProvider.php(195): is_subclass_of('App\\View\\Compos...', 'Roots\\Acorn\\Vie...')
#3 E:\LocalSites\bedrock-nauka\bedrock\web\app\themes\moj-motyw\vendor\roots\acorn\src\Roots\Acorn\View\ViewServiceProvider.php(37): Roots\Acorn\View\ViewServiceProvider->attachComposers()
#4 E:\LocalSites\bedrock-nauka\bedrock\web\app\themes\moj-motyw\vendor\illuminate\container\BoundMethod.php(36): Roots\Acorn\View\ViewServiceProvider->boot()
#5 E:\LocalSites\bedrock-nauka\bedrock\web\app\themes\moj-motyw\vendor\illuminate\container\Util.php(43): Illuminate\Container\BoundMethod::{closure:Illuminate\Container\BoundMethod::call():35}()
#6 E:\LocalSites\bedrock-nauka\bedrock\web\app\themes\moj-motyw\vendor\illuminate\container\BoundMethod.php(96): Illuminate\Container\Util::unwrapIfClosure(Object(Closure))
#7 E:\LocalSites\bedrock-nauka\bedrock\web\app\themes\moj-motyw\vendor\illuminate\container\BoundMethod.php(35): Illuminate\Container\BoundMethod::callBoundMethod(Object(Roots\Acorn\Application), Array, Object(Closure))
#8 E:\LocalSites\bedrock-nauka\bedrock\web\app\themes\moj-motyw\vendor\illuminate\container\Container.php(799): Illuminate\Container\BoundMethod::call(Object(Roots\Acorn\Application), Array, Array, NULL)
#9 E:\LocalSites\bedrock-nauka\bedrock\web\app\themes\moj-motyw\vendor\roots\acorn\src\Illuminate\Foundation\Application.php(1150): Illuminate\Container\Container->call(Array)
#10 E:\LocalSites\bedrock-nauka\bedrock\web\app\themes\moj-motyw\vendor\roots\acorn\src\Roots\Acorn\Application.php(311): Illuminate\Foundation\Application->bootProvider(Object(Roots\Acorn\View\ViewServiceProvider))
#11 E:\LocalSites\bedrock-nauka\bedrock\web\app\themes\moj-motyw\vendor\roots\acorn\src\Illuminate\Foundation\Application.php(1131): Roots\Acorn\Application->bootProvider(Object(Roots\Acorn\View\ViewServiceProvider))
#12 [internal function]: Illuminate\Foundation\Application->{closure:Illuminate\Foundation\Application::boot():1130}(Object(Roots\Acorn\View\ViewServiceProvider), 'Roots\\Acorn\\Vie...')
#13 E:\LocalSites\bedrock-nauka\bedrock\web\app\themes\moj-motyw\vendor\roots\acorn\src\Illuminate\Foundation\Application.php(1130): array_walk(Array, Object(Closure))
#14 E:\LocalSites\bedrock-nauka\bedrock\web\app\themes\moj-motyw\vendor\roots\acorn\src\Illuminate\Foundation\Bootstrap\BootProviders.php(17): Illuminate\Foundation\Application->boot()
#15 E:\LocalSites\bedrock-nauka\bedrock\web\app\themes\moj-motyw\vendor\roots\acorn\src\Illuminate\Foundation\Application.php(341): Illuminate\Foundation\Bootstrap\BootProviders->bootstrap(Object(Roots\Acorn\Application))
#16 E:\LocalSites\bedrock-nauka\bedrock\web\app\themes\moj-motyw\vendor\roots\acorn\src\Illuminate\Foundation\Http\Kernel.php(186): Illuminate\Foundation\Application->bootstrapWith(Array)
#17 E:\LocalSites\bedrock-nauka\bedrock\web\app\themes\moj-motyw\vendor\roots\acorn\src\Roots\Acorn\Application\Concerns\Bootable.php(123): Illuminate\Foundation\Http\Kernel->bootstrap(Object(Illuminate\Http\Request))
#18 E:\LocalSites\bedrock-nauka\bedrock\web\app\themes\moj-motyw\vendor\roots\acorn\src\Roots\Acorn\Application\Concerns\Bootable.php(49): Roots\Acorn\Application->bootHttp()
#19 E:\LocalSites\bedrock-nauka\bedrock\web\app\themes\moj-motyw\vendor\roots\acorn\src\Roots\Acorn\Configuration\ApplicationBuilder.php(170): Roots\Acorn\Application->bootAcorn(Array)
#20 E:\LocalSites\bedrock-nauka\bedrock\web\app\themes\moj-motyw\functions.php(38): Roots\Acorn\Configuration\ApplicationBuilder->boot()
#21 E:\LocalSites\bedrock-nauka\bedrock\web\wp\wp-settings.php(710): include('E:\\LocalSites\\b...')
#22 E:\LocalSites\bedrock-nauka\bedrock\web\wp-config.php(10): require_once('E:\\LocalSites\\b...')
#23 E:\LocalSites\bedrock-nauka\bedrock\web\wp\wp-load.php(55): require_once('E:\\LocalSites\\b...')
#24 E:\LocalSites\bedrock-nauka\bedrock\web\wp\wp-blog-header.php(13): require_once('E:\\LocalSites\\b...')
#25 E:\LocalSites\bedrock-nauka\bedrock\web\index.php(7): require('E:\\LocalSites\\b...')
#26 {main}

Next Roots\Acorn\Exceptions\SkipProviderException: Skipping provider [Roots\Acorn\View\ViewServiceProvider] because it encountered an error [ParseError]: syntax error, unexpected token "public", expecting "," or ";" in E:\LocalSites\bedrock-nauka\bedrock\web\app\themes\moj-motyw\vendor\roots\acorn\src\Roots\Acorn\Application.php:371
Stack trace:
#0 E:\LocalSites\bedrock-nauka\bedrock\web\app\themes\moj-motyw\vendor\roots\acorn\src\Roots\Acorn\Application.php(313): Roots\Acorn\Application->skipProvider(Object(Roots\Acorn\View\ViewServiceProvider), Object(ParseError))
#1 E:\LocalSites\bedrock-nauka\bedrock\web\app\themes\moj-motyw\vendor\roots\acorn\src\Illuminate\Foundation\Application.php(1131): Roots\Acorn\Application->bootProvider(Object(Roots\Acorn\View\ViewServiceProvider))
#2 [internal function]: Illuminate\Foundation\Application->{closure:Illuminate\Foundation\Application::boot():1130}(Object(Roots\Acorn\View\ViewServiceProvider), 'Roots\\Acorn\\Vie...')
#3 E:\LocalSites\bedrock-nauka\bedrock\web\app\themes\moj-motyw\vendor\roots\acorn\src\Illuminate\Foundation\Application.php(1130): array_walk(Array, Object(Closure))
#4 E:\LocalSites\bedrock-nauka\bedrock\web\app\themes\moj-motyw\vendor\roots\acorn\src\Illuminate\Foundation\Bootstrap\BootProviders.php(17): Illuminate\Foundation\Application->boot()
#5 E:\LocalSites\bedrock-nauka\bedrock\web\app\themes\moj-motyw\vendor\roots\acorn\src\Illuminate\Foundation\Application.php(341): Illuminate\Foundation\Bootstrap\BootProviders->bootstrap(Object(Roots\Acorn\Application))
#6 E:\LocalSites\bedrock-nauka\bedrock\web\app\themes\moj-motyw\vendor\roots\acorn\src\Illuminate\Foundation\Http\Kernel.php(186): Illuminate\Foundation\Application->bootstrapWith(Array)
#7 E:\LocalSites\bedrock-nauka\bedrock\web\app\themes\moj-motyw\vendor\roots\acorn\src\Roots\Acorn\Application\Concerns\Bootable.php(123): Illuminate\Foundation\Http\Kernel->bootstrap(Object(Illuminate\Http\Request))
#8 E:\LocalSites\bedrock-nauka\bedrock\web\app\themes\moj-motyw\vendor\roots\acorn\src\Roots\Acorn\Application\Concerns\Bootable.php(49): Roots\Acorn\Application->bootHttp()
#9 E:\LocalSites\bedrock-nauka\bedrock\web\app\themes\moj-motyw\vendor\roots\acorn\src\Roots\Acorn\Configuration\ApplicationBuilder.php(170): Roots\Acorn\Application->bootAcorn(Array)
#10 E:\LocalSites\bedrock-nauka\bedrock\web\app\themes\moj-motyw\functions.php(38): Roots\Acorn\Configuration\ApplicationBuilder->boot()
#11 E:\LocalSites\bedrock-nauka\bedrock\web\wp\wp-settings.php(710): include('E:\\LocalSites\\b...')
#12 E:\LocalSites\bedrock-nauka\bedrock\web\wp-config.php(10): require_once('E:\\LocalSites\\b...')
#13 E:\LocalSites\bedrock-nauka\bedrock\web\wp\wp-load.php(55): require_once('E:\\LocalSites\\b...')
#14 E:\LocalSites\bedrock-nauka\bedrock\web\wp\wp-blog-header.php(13): require_once('E:\\LocalSites\\b...')
#15 E:\LocalSites\bedrock-nauka\bedrock\web\index.php(7): require('E:\\LocalSites\\b...')
#16 {main}
  thrown in E:\LocalSites\bedrock-nauka\bedrock\web\app\themes\moj-motyw\vendor\roots\acorn\src\Roots\Acorn\Application.php on line 371
[20-Feb-2026 22:35:33 UTC] PHP Fatal error:  Uncaught ParseError: syntax error, unexpected token "public", expecting "," or ";" in E:\LocalSites\bedrock-nauka\bedrock\web\app\themes\moj-motyw\app\View\Composers\Page.php:13
Stack trace:
#0 E:\LocalSites\bedrock-nauka\bedrock\vendor\composer\ClassLoader.php(427): {closure:Composer\Autoload\ClassLoader::initializeIncludeClosure():575}('E:\\LocalSites\\b...')
#1 [internal function]: Composer\Autoload\ClassLoader->loadClass('App\\View\\Compos...')
#2 E:\LocalSites\bedrock-nauka\bedrock\web\app\themes\moj-motyw\vendor\roots\acorn\src\Roots\Acorn\View\ViewServiceProvider.php(195): is_subclass_of('App\\View\\Compos...', 'Roots\\Acorn\\Vie...')
#3 E:\LocalSites\bedrock-nauka\bedrock\web\app\themes\moj-motyw\vendor\roots\acorn\src\Roots\Acorn\View\ViewServiceProvider.php(37): Roots\Acorn\View\ViewServiceProvider->attachComposers()
#4 E:\LocalSites\bedrock-nauka\bedrock\web\app\themes\moj-motyw\vendor\illuminate\container\BoundMethod.php(36): Roots\Acorn\View\ViewServiceProvider->boot()
#5 E:\LocalSites\bedrock-nauka\bedrock\web\app\themes\moj-motyw\vendor\illuminate\container\Util.php(43): Illuminate\Container\BoundMethod::{closure:Illuminate\Container\BoundMethod::call():35}()
#6 E:\LocalSites\bedrock-nauka\bedrock\web\app\themes\moj-motyw\vendor\illuminate\container\BoundMethod.php(96): Illuminate\Container\Util::unwrapIfClosure(Object(Closure))
#7 E:\LocalSites\bedrock-nauka\bedrock\web\app\themes\moj-motyw\vendor\illuminate\container\BoundMethod.php(35): Illuminate\Container\BoundMethod::callBoundMethod(Object(Roots\Acorn\Application), Array, Object(Closure))
#8 E:\LocalSites\bedrock-nauka\bedrock\web\app\themes\moj-motyw\vendor\illuminate\container\Container.php(799): Illuminate\Container\BoundMethod::call(Object(Roots\Acorn\Application), Array, Array, NULL)
#9 E:\LocalSites\bedrock-nauka\bedrock\web\app\themes\moj-motyw\vendor\roots\acorn\src\Illuminate\Foundation\Application.php(1150): Illuminate\Container\Container->call(Array)
#10 E:\LocalSites\bedrock-nauka\bedrock\web\app\themes\moj-motyw\vendor\roots\acorn\src\Roots\Acorn\Application.php(311): Illuminate\Foundation\Application->bootProvider(Object(Roots\Acorn\View\ViewServiceProvider))
#11 E:\LocalSites\bedrock-nauka\bedrock\web\app\themes\moj-motyw\vendor\roots\acorn\src\Illuminate\Foundation\Application.php(1131): Roots\Acorn\Application->bootProvider(Object(Roots\Acorn\View\ViewServiceProvider))
#12 [internal function]: Illuminate\Foundation\Application->{closure:Illuminate\Foundation\Application::boot():1130}(Object(Roots\Acorn\View\ViewServiceProvider), 'Roots\\Acorn\\Vie...')
#13 E:\LocalSites\bedrock-nauka\bedrock\web\app\themes\moj-motyw\vendor\roots\acorn\src\Illuminate\Foundation\Application.php(1130): array_walk(Array, Object(Closure))
#14 E:\LocalSites\bedrock-nauka\bedrock\web\app\themes\moj-motyw\vendor\roots\acorn\src\Illuminate\Foundation\Bootstrap\BootProviders.php(17): Illuminate\Foundation\Application->boot()
#15 E:\LocalSites\bedrock-nauka\bedrock\web\app\themes\moj-motyw\vendor\roots\acorn\src\Illuminate\Foundation\Application.php(341): Illuminate\Foundation\Bootstrap\BootProviders->bootstrap(Object(Roots\Acorn\Application))
#16 E:\LocalSites\bedrock-nauka\bedrock\web\app\themes\moj-motyw\vendor\roots\acorn\src\Illuminate\Foundation\Http\Kernel.php(186): Illuminate\Foundation\Application->bootstrapWith(Array)
#17 E:\LocalSites\bedrock-nauka\bedrock\web\app\themes\moj-motyw\vendor\roots\acorn\src\Roots\Acorn\Application\Concerns\Bootable.php(123): Illuminate\Foundation\Http\Kernel->bootstrap(Object(Illuminate\Http\Request))
#18 E:\LocalSites\bedrock-nauka\bedrock\web\app\themes\moj-motyw\vendor\roots\acorn\src\Roots\Acorn\Application\Concerns\Bootable.php(49): Roots\Acorn\Application->bootHttp()
#19 E:\LocalSites\bedrock-nauka\bedrock\web\app\themes\moj-motyw\vendor\roots\acorn\src\Roots\Acorn\Configuration\ApplicationBuilder.php(170): Roots\Acorn\Application->bootAcorn(Array)
#20 E:\LocalSites\bedrock-nauka\bedrock\web\app\themes\moj-motyw\functions.php(38): Roots\Acorn\Configuration\ApplicationBuilder->boot()
#21 E:\LocalSites\bedrock-nauka\bedrock\web\wp\wp-settings.php(710): include('E:\\LocalSites\\b...')
#22 E:\LocalSites\bedrock-nauka\bedrock\web\wp-config.php(10): require_once('E:\\LocalSites\\b...')
#23 E:\LocalSites\bedrock-nauka\bedrock\web\wp\wp-load.php(55): require_once('E:\\LocalSites\\b...')
#24 E:\LocalSites\bedrock-nauka\bedrock\web\wp\wp-blog-header.php(13): require_once('E:\\LocalSites\\b...')
#25 E:\LocalSites\bedrock-nauka\bedrock\web\index.php(7): require('E:\\LocalSites\\b...')
#26 {main}

Next Roots\Acorn\Exceptions\SkipProviderException: Skipping provider [Roots\Acorn\View\ViewServiceProvider] because it encountered an error [ParseError]: syntax error, unexpected token "public", expecting "," or ";" in E:\LocalSites\bedrock-nauka\bedrock\web\app\themes\moj-motyw\vendor\roots\acorn\src\Roots\Acorn\Application.php:371
Stack trace:
#0 E:\LocalSites\bedrock-nauka\bedrock\web\app\themes\moj-motyw\vendor\roots\acorn\src\Roots\Acorn\Application.php(313): Roots\Acorn\Application->skipProvider(Object(Roots\Acorn\View\ViewServiceProvider), Object(ParseError))
#1 E:\LocalSites\bedrock-nauka\bedrock\web\app\themes\moj-motyw\vendor\roots\acorn\src\Illuminate\Foundation\Application.php(1131): Roots\Acorn\Application->bootProvider(Object(Roots\Acorn\View\ViewServiceProvider))
#2 [internal function]: Illuminate\Foundation\Application->{closure:Illuminate\Foundation\Application::boot():1130}(Object(Roots\Acorn\View\ViewServiceProvider), 'Roots\\Acorn\\Vie...')
#3 E:\LocalSites\bedrock-nauka\bedrock\web\app\themes\moj-motyw\vendor\roots\acorn\src\Illuminate\Foundation\Application.php(1130): array_walk(Array, Object(Closure))
#4 E:\LocalSites\bedrock-nauka\bedrock\web\app\themes\moj-motyw\vendor\roots\acorn\src\Illuminate\Foundation\Bootstrap\BootProviders.php(17): Illuminate\Foundation\Application->boot()
#5 E:\LocalSites\bedrock-nauka\bedrock\web\app\themes\moj-motyw\vendor\roots\acorn\src\Illuminate\Foundation\Application.php(341): Illuminate\Foundation\Bootstrap\BootProviders->bootstrap(Object(Roots\Acorn\Application))
#6 E:\LocalSites\bedrock-nauka\bedrock\web\app\themes\moj-motyw\vendor\roots\acorn\src\Illuminate\Foundation\Http\Kernel.php(186): Illuminate\Foundation\Application->bootstrapWith(Array)
#7 E:\LocalSites\bedrock-nauka\bedrock\web\app\themes\moj-motyw\vendor\roots\acorn\src\Roots\Acorn\Application\Concerns\Bootable.php(123): Illuminate\Foundation\Http\Kernel->bootstrap(Object(Illuminate\Http\Request))
#8 E:\LocalSites\bedrock-nauka\bedrock\web\app\themes\moj-motyw\vendor\roots\acorn\src\Roots\Acorn\Application\Concerns\Bootable.php(49): Roots\Acorn\Application->bootHttp()
#9 E:\LocalSites\bedrock-nauka\bedrock\web\app\themes\moj-motyw\vendor\roots\acorn\src\Roots\Acorn\Configuration\ApplicationBuilder.php(170): Roots\Acorn\Application->bootAcorn(Array)
#10 E:\LocalSites\bedrock-nauka\bedrock\web\app\themes\moj-motyw\functions.php(38): Roots\Acorn\Configuration\ApplicationBuilder->boot()
#11 E:\LocalSites\bedrock-nauka\bedrock\web\wp\wp-settings.php(710): include('E:\\LocalSites\\b...')
#12 E:\LocalSites\bedrock-nauka\bedrock\web\wp-config.php(10): require_once('E:\\LocalSites\\b...')
#13 E:\LocalSites\bedrock-nauka\bedrock\web\wp\wp-load.php(55): require_once('E:\\LocalSites\\b...')
#14 E:\LocalSites\bedrock-nauka\bedrock\web\wp\wp-blog-header.php(13): require_once('E:\\LocalSites\\b...')
#15 E:\LocalSites\bedrock-nauka\bedrock\web\index.php(7): require('E:\\LocalSites\\b...')
#16 {main}
  thrown in E:\LocalSites\bedrock-nauka\bedrock\web\app\themes\moj-motyw\vendor\roots\acorn\src\Roots\Acorn\Application.php on line 371
[20-Feb-2026 22:35:48 UTC] PHP Fatal error:  Uncaught ParseError: syntax error, unexpected token "public", expecting "," or ";" in E:\LocalSites\bedrock-nauka\bedrock\web\app\themes\moj-motyw\app\View\Composers\Page.php:13
Stack trace:
#0 E:\LocalSites\bedrock-nauka\bedrock\vendor\composer\ClassLoader.php(427): {closure:Composer\Autoload\ClassLoader::initializeIncludeClosure():575}('E:\\LocalSites\\b...')
#1 [internal function]: Composer\Autoload\ClassLoader->loadClass('App\\View\\Compos...')
#2 E:\LocalSites\bedrock-nauka\bedrock\web\app\themes\moj-motyw\vendor\roots\acorn\src\Roots\Acorn\View\ViewServiceProvider.php(195): is_subclass_of('App\\View\\Compos...', 'Roots\\Acorn\\Vie...')
#3 E:\LocalSites\bedrock-nauka\bedrock\web\app\themes\moj-motyw\vendor\roots\acorn\src\Roots\Acorn\View\ViewServiceProvider.php(37): Roots\Acorn\View\ViewServiceProvider->attachComposers()
#4 E:\LocalSites\bedrock-nauka\bedrock\web\app\themes\moj-motyw\vendor\illuminate\container\BoundMethod.php(36): Roots\Acorn\View\ViewServiceProvider->boot()
#5 E:\LocalSites\bedrock-nauka\bedrock\web\app\themes\moj-motyw\vendor\illuminate\container\Util.php(43): Illuminate\Container\BoundMethod::{closure:Illuminate\Container\BoundMethod::call():35}()
#6 E:\LocalSites\bedrock-nauka\bedrock\web\app\themes\moj-motyw\vendor\illuminate\container\BoundMethod.php(96): Illuminate\Container\Util::unwrapIfClosure(Object(Closure))
#7 E:\LocalSites\bedrock-nauka\bedrock\web\app\themes\moj-motyw\vendor\illuminate\container\BoundMethod.php(35): Illuminate\Container\BoundMethod::callBoundMethod(Object(Roots\Acorn\Application), Array, Object(Closure))
#8 E:\LocalSites\bedrock-nauka\bedrock\web\app\themes\moj-motyw\vendor\illuminate\container\Container.php(799): Illuminate\Container\BoundMethod::call(Object(Roots\Acorn\Application), Array, Array, NULL)
#9 E:\LocalSites\bedrock-nauka\bedrock\web\app\themes\moj-motyw\vendor\roots\acorn\src\Illuminate\Foundation\Application.php(1150): Illuminate\Container\Container->call(Array)
#10 E:\LocalSites\bedrock-nauka\bedrock\web\app\themes\moj-motyw\vendor\roots\acorn\src\Roots\Acorn\Application.php(311): Illuminate\Foundation\Application->bootProvider(Object(Roots\Acorn\View\ViewServiceProvider))
#11 E:\LocalSites\bedrock-nauka\bedrock\web\app\themes\moj-motyw\vendor\roots\acorn\src\Illuminate\Foundation\Application.php(1131): Roots\Acorn\Application->bootProvider(Object(Roots\Acorn\View\ViewServiceProvider))
#12 [internal function]: Illuminate\Foundation\Application->{closure:Illuminate\Foundation\Application::boot():1130}(Object(Roots\Acorn\View\ViewServiceProvider), 'Roots\\Acorn\\Vie...')
#13 E:\LocalSites\bedrock-nauka\bedrock\web\app\themes\moj-motyw\vendor\roots\acorn\src\Illuminate\Foundation\Application.php(1130): array_walk(Array, Object(Closure))
#14 E:\LocalSites\bedrock-nauka\bedrock\web\app\themes\moj-motyw\vendor\roots\acorn\src\Illuminate\Foundation\Bootstrap\BootProviders.php(17): Illuminate\Foundation\Application->boot()
#15 E:\LocalSites\bedrock-nauka\bedrock\web\app\themes\moj-motyw\vendor\roots\acorn\src\Illuminate\Foundation\Application.php(341): Illuminate\Foundation\Bootstrap\BootProviders->bootstrap(Object(Roots\Acorn\Application))
#16 E:\LocalSites\bedrock-nauka\bedrock\web\app\themes\moj-motyw\vendor\roots\acorn\src\Illuminate\Foundation\Http\Kernel.php(186): Illuminate\Foundation\Application->bootstrapWith(Array)
#17 E:\LocalSites\bedrock-nauka\bedrock\web\app\themes\moj-motyw\vendor\roots\acorn\src\Roots\Acorn\Application\Concerns\Bootable.php(123): Illuminate\Foundation\Http\Kernel->bootstrap(Object(Illuminate\Http\Request))
#18 E:\LocalSites\bedrock-nauka\bedrock\web\app\themes\moj-motyw\vendor\roots\acorn\src\Roots\Acorn\Application\Concerns\Bootable.php(49): Roots\Acorn\Application->bootHttp()
#19 E:\LocalSites\bedrock-nauka\bedrock\web\app\themes\moj-motyw\vendor\roots\acorn\src\Roots\Acorn\Configuration\ApplicationBuilder.php(170): Roots\Acorn\Application->bootAcorn(Array)
#20 E:\LocalSites\bedrock-nauka\bedrock\web\app\themes\moj-motyw\functions.php(38): Roots\Acorn\Configuration\ApplicationBuilder->boot()
#21 E:\LocalSites\bedrock-nauka\bedrock\web\wp\wp-settings.php(710): include('E:\\LocalSites\\b...')
#22 E:\LocalSites\bedrock-nauka\bedrock\web\wp-config.php(10): require_once('E:\\LocalSites\\b...')
#23 E:\LocalSites\bedrock-nauka\bedrock\web\wp\wp-load.php(55): require_once('E:\\LocalSites\\b...')
#24 E:\LocalSites\bedrock-nauka\bedrock\web\wp\wp-admin\admin-ajax.php(22): require_once('E:\\LocalSites\\b...')
#25 {main}

Next Roots\Acorn\Exceptions\SkipProviderException: Skipping provider [Roots\Acorn\View\ViewServiceProvider] because it encountered an error [ParseError]: syntax error, unexpected token "public", expecting "," or ";" in E:\LocalSites\bedrock-nauka\bedrock\web\app\themes\moj-motyw\vendor\roots\acorn\src\Roots\Acorn\Application.php:371
Stack trace:
#0 E:\LocalSites\bedrock-nauka\bedrock\web\app\themes\moj-motyw\vendor\roots\acorn\src\Roots\Acorn\Application.php(313): Roots\Acorn\Application->skipProvider(Object(Roots\Acorn\View\ViewServiceProvider), Object(ParseError))
#1 E:\LocalSites\bedrock-nauka\bedrock\web\app\themes\moj-motyw\vendor\roots\acorn\src\Illuminate\Foundation\Application.php(1131): Roots\Acorn\Application->bootProvider(Object(Roots\Acorn\View\ViewServiceProvider))
#2 [internal function]: Illuminate\Foundation\Application->{closure:Illuminate\Foundation\Application::boot():1130}(Object(Roots\Acorn\View\ViewServiceProvider), 'Roots\\Acorn\\Vie...')
#3 E:\LocalSites\bedrock-nauka\bedrock\web\app\themes\moj-motyw\vendor\roots\acorn\src\Illuminate\Foundation\Application.php(1130): array_walk(Array, Object(Closure))
#4 E:\LocalSites\bedrock-nauka\bedrock\web\app\themes\moj-motyw\vendor\roots\acorn\src\Illuminate\Foundation\Bootstrap\BootProviders.php(17): Illuminate\Foundation\Application->boot()
#5 E:\LocalSites\bedrock-nauka\bedrock\web\app\themes\moj-motyw\vendor\roots\acorn\src\Illuminate\Foundation\Application.php(341): Illuminate\Foundation\Bootstrap\BootProviders->bootstrap(Object(Roots\Acorn\Application))
#6 E:\LocalSites\bedrock-nauka\bedrock\web\app\themes\moj-motyw\vendor\roots\acorn\src\Illuminate\Foundation\Http\Kernel.php(186): Illuminate\Foundation\Application->bootstrapWith(Array)
#7 E:\LocalSites\bedrock-nauka\bedrock\web\app\themes\moj-motyw\vendor\roots\acorn\src\Roots\Acorn\Application\Concerns\Bootable.php(123): Illuminate\Foundation\Http\Kernel->bootstrap(Object(Illuminate\Http\Request))
#8 E:\LocalSites\bedrock-nauka\bedrock\web\app\themes\moj-motyw\vendor\roots\acorn\src\Roots\Acorn\Application\Concerns\Bootable.php(49): Roots\Acorn\Application->bootHttp()
#9 E:\LocalSites\bedrock-nauka\bedrock\web\app\themes\moj-motyw\vendor\roots\acorn\src\Roots\Acorn\Configuration\ApplicationBuilder.php(170): Roots\Acorn\Application->bootAcorn(Array)
#10 E:\LocalSites\bedrock-nauka\bedrock\web\app\themes\moj-motyw\functions.php(38): Roots\Acorn\Configuration\ApplicationBuilder->boot()
#11 E:\LocalSites\bedrock-nauka\bedrock\web\wp\wp-settings.php(710): include('E:\\LocalSites\\b...')
#12 E:\LocalSites\bedrock-nauka\bedrock\web\wp-config.php(10): require_once('E:\\LocalSites\\b...')
#13 E:\LocalSites\bedrock-nauka\bedrock\web\wp\wp-load.php(55): require_once('E:\\LocalSites\\b...')
#14 E:\LocalSites\bedrock-nauka\bedrock\web\wp\wp-admin\admin-ajax.php(22): require_once('E:\\LocalSites\\b...')
#15 {main}
  thrown in E:\LocalSites\bedrock-nauka\bedrock\web\app\themes\moj-motyw\vendor\roots\acorn\src\Roots\Acorn\Application.php on line 371
[20-Feb-2026 22:36:00 UTC] PHP Fatal error:  Uncaught ParseError: syntax error, unexpected token "public", expecting "," or ";" in E:\LocalSites\bedrock-nauka\bedrock\web\app\themes\moj-motyw\app\View\Composers\Page.php:13
Stack trace:
#0 E:\LocalSites\bedrock-nauka\bedrock\vendor\composer\ClassLoader.php(427): {closure:Composer\Autoload\ClassLoader::initializeIncludeClosure():575}('E:\\LocalSites\\b...')
#1 [internal function]: Composer\Autoload\ClassLoader->loadClass('App\\View\\Compos...')
#2 E:\LocalSites\bedrock-nauka\bedrock\web\app\themes\moj-motyw\vendor\roots\acorn\src\Roots\Acorn\View\ViewServiceProvider.php(195): is_subclass_of('App\\View\\Compos...', 'Roots\\Acorn\\Vie...')
#3 E:\LocalSites\bedrock-nauka\bedrock\web\app\themes\moj-motyw\vendor\roots\acorn\src\Roots\Acorn\View\ViewServiceProvider.php(37): Roots\Acorn\View\ViewServiceProvider->attachComposers()
#4 E:\LocalSites\bedrock-nauka\bedrock\web\app\themes\moj-motyw\vendor\illuminate\container\BoundMethod.php(36): Roots\Acorn\View\ViewServiceProvider->boot()
#5 E:\LocalSites\bedrock-nauka\bedrock\web\app\themes\moj-motyw\vendor\illuminate\container\Util.php(43): Illuminate\Container\BoundMethod::{closure:Illuminate\Container\BoundMethod::call():35}()
#6 E:\LocalSites\bedrock-nauka\bedrock\web\app\themes\moj-motyw\vendor\illuminate\container\BoundMethod.php(96): Illuminate\Container\Util::unwrapIfClosure(Object(Closure))
#7 E:\LocalSites\bedrock-nauka\bedrock\web\app\themes\moj-motyw\vendor\illuminate\container\BoundMethod.php(35): Illuminate\Container\BoundMethod::callBoundMethod(Object(Roots\Acorn\Application), Array, Object(Closure))
#8 E:\LocalSites\bedrock-nauka\bedrock\web\app\themes\moj-motyw\vendor\illuminate\container\Container.php(799): Illuminate\Container\BoundMethod::call(Object(Roots\Acorn\Application), Array, Array, NULL)
#9 E:\LocalSites\bedrock-nauka\bedrock\web\app\themes\moj-motyw\vendor\roots\acorn\src\Illuminate\Foundation\Application.php(1150): Illuminate\Container\Container->call(Array)
#10 E:\LocalSites\bedrock-nauka\bedrock\web\app\themes\moj-motyw\vendor\roots\acorn\src\Roots\Acorn\Application.php(311): Illuminate\Foundation\Application->bootProvider(Object(Roots\Acorn\View\ViewServiceProvider))
#11 E:\LocalSites\bedrock-nauka\bedrock\web\app\themes\moj-motyw\vendor\roots\acorn\src\Illuminate\Foundation\Application.php(1131): Roots\Acorn\Application->bootProvider(Object(Roots\Acorn\View\ViewServiceProvider))
#12 [internal function]: Illuminate\Foundation\Application->{closure:Illuminate\Foundation\Application::boot():1130}(Object(Roots\Acorn\View\ViewServiceProvider), 'Roots\\Acorn\\Vie...')
#13 E:\LocalSites\bedrock-nauka\bedrock\web\app\themes\moj-motyw\vendor\roots\acorn\src\Illuminate\Foundation\Application.php(1130): array_walk(Array, Object(Closure))
#14 E:\LocalSites\bedrock-nauka\bedrock\web\app\themes\moj-motyw\vendor\roots\acorn\src\Illuminate\Foundation\Bootstrap\BootProviders.php(17): Illuminate\Foundation\Application->boot()
#15 E:\LocalSites\bedrock-nauka\bedrock\web\app\themes\moj-motyw\vendor\roots\acorn\src\Illuminate\Foundation\Application.php(341): Illuminate\Foundation\Bootstrap\BootProviders->bootstrap(Object(Roots\Acorn\Application))
#16 E:\LocalSites\bedrock-nauka\bedrock\web\app\themes\moj-motyw\vendor\roots\acorn\src\Illuminate\Foundation\Http\Kernel.php(186): Illuminate\Foundation\Application->bootstrapWith(Array)
#17 E:\LocalSites\bedrock-nauka\bedrock\web\app\themes\moj-motyw\vendor\roots\acorn\src\Roots\Acorn\Application\Concerns\Bootable.php(123): Illuminate\Foundation\Http\Kernel->bootstrap(Object(Illuminate\Http\Request))
#18 E:\LocalSites\bedrock-nauka\bedrock\web\app\themes\moj-motyw\vendor\roots\acorn\src\Roots\Acorn\Application\Concerns\Bootable.php(49): Roots\Acorn\Application->bootHttp()
#19 E:\LocalSites\bedrock-nauka\bedrock\web\app\themes\moj-motyw\vendor\roots\acorn\src\Roots\Acorn\Configuration\ApplicationBuilder.php(170): Roots\Acorn\Application->bootAcorn(Array)
#20 E:\LocalSites\bedrock-nauka\bedrock\web\app\themes\moj-motyw\functions.php(38): Roots\Acorn\Configuration\ApplicationBuilder->boot()
#21 E:\LocalSites\bedrock-nauka\bedrock\web\wp\wp-settings.php(710): include('E:\\LocalSites\\b...')
#22 E:\LocalSites\bedrock-nauka\bedrock\web\wp-config.php(10): require_once('E:\\LocalSites\\b...')
#23 E:\LocalSites\bedrock-nauka\bedrock\web\wp\wp-load.php(55): require_once('E:\\LocalSites\\b...')
#24 E:\LocalSites\bedrock-nauka\bedrock\web\wp\wp-blog-header.php(13): require_once('E:\\LocalSites\\b...')
#25 E:\LocalSites\bedrock-nauka\bedrock\web\index.php(7): require('E:\\LocalSites\\b...')
#26 {main}

Next Roots\Acorn\Exceptions\SkipProviderException: Skipping provider [Roots\Acorn\View\ViewServiceProvider] because it encountered an error [ParseError]: syntax error, unexpected token "public", expecting "," or ";" in E:\LocalSites\bedrock-nauka\bedrock\web\app\themes\moj-motyw\vendor\roots\acorn\src\Roots\Acorn\Application.php:371
Stack trace:
#0 E:\LocalSites\bedrock-nauka\bedrock\web\app\themes\moj-motyw\vendor\roots\acorn\src\Roots\Acorn\Application.php(313): Roots\Acorn\Application->skipProvider(Object(Roots\Acorn\View\ViewServiceProvider), Object(ParseError))
#1 E:\LocalSites\bedrock-nauka\bedrock\web\app\themes\moj-motyw\vendor\roots\acorn\src\Illuminate\Foundation\Application.php(1131): Roots\Acorn\Application->bootProvider(Object(Roots\Acorn\View\ViewServiceProvider))
#2 [internal function]: Illuminate\Foundation\Application->{closure:Illuminate\Foundation\Application::boot():1130}(Object(Roots\Acorn\View\ViewServiceProvider), 'Roots\\Acorn\\Vie...')
#3 E:\LocalSites\bedrock-nauka\bedrock\web\app\themes\moj-motyw\vendor\roots\acorn\src\Illuminate\Foundation\Application.php(1130): array_walk(Array, Object(Closure))
#4 E:\LocalSites\bedrock-nauka\bedrock\web\app\themes\moj-motyw\vendor\roots\acorn\src\Illuminate\Foundation\Bootstrap\BootProviders.php(17): Illuminate\Foundation\Application->boot()
#5 E:\LocalSites\bedrock-nauka\bedrock\web\app\themes\moj-motyw\vendor\roots\acorn\src\Illuminate\Foundation\Application.php(341): Illuminate\Foundation\Bootstrap\BootProviders->bootstrap(Object(Roots\Acorn\Application))
#6 E:\LocalSites\bedrock-nauka\bedrock\web\app\themes\moj-motyw\vendor\roots\acorn\src\Illuminate\Foundation\Http\Kernel.php(186): Illuminate\Foundation\Application->bootstrapWith(Array)
#7 E:\LocalSites\bedrock-nauka\bedrock\web\app\themes\moj-motyw\vendor\roots\acorn\src\Roots\Acorn\Application\Concerns\Bootable.php(123): Illuminate\Foundation\Http\Kernel->bootstrap(Object(Illuminate\Http\Request))
#8 E:\LocalSites\bedrock-nauka\bedrock\web\app\themes\moj-motyw\vendor\roots\acorn\src\Roots\Acorn\Application\Concerns\Bootable.php(49): Roots\Acorn\Application->bootHttp()
#9 E:\LocalSites\bedrock-nauka\bedrock\web\app\themes\moj-motyw\vendor\roots\acorn\src\Roots\Acorn\Configuration\ApplicationBuilder.php(170): Roots\Acorn\Application->bootAcorn(Array)
#10 E:\LocalSites\bedrock-nauka\bedrock\web\app\themes\moj-motyw\functions.php(38): Roots\Acorn\Configuration\ApplicationBuilder->boot()
#11 E:\LocalSites\bedrock-nauka\bedrock\web\wp\wp-settings.php(710): include('E:\\LocalSites\\b...')
#12 E:\LocalSites\bedrock-nauka\bedrock\web\wp-config.php(10): require_once('E:\\LocalSites\\b...')
#13 E:\LocalSites\bedrock-nauka\bedrock\web\wp\wp-load.php(55): require_once('E:\\LocalSites\\b...')
#14 E:\LocalSites\bedrock-nauka\bedrock\web\wp\wp-blog-header.php(13): require_once('E:\\LocalSites\\b...')
#15 E:\LocalSites\bedrock-nauka\bedrock\web\index.php(7): require('E:\\LocalSites\\b...')
#16 {main}
  thrown in E:\LocalSites\bedrock-nauka\bedrock\web\app\themes\moj-motyw\vendor\roots\acorn\src\Roots\Acorn\Application.php on line 371
[20-Feb-2026 22:36:00 UTC] PHP Fatal error:  Uncaught ParseError: syntax error, unexpected token "public", expecting "," or ";" in E:\LocalSites\bedrock-nauka\bedrock\web\app\themes\moj-motyw\app\View\Composers\Page.php:13
Stack trace:
#0 E:\LocalSites\bedrock-nauka\bedrock\vendor\composer\ClassLoader.php(427): {closure:Composer\Autoload\ClassLoader::initializeIncludeClosure():575}('E:\\LocalSites\\b...')
#1 [internal function]: Composer\Autoload\ClassLoader->loadClass('App\\View\\Compos...')
#2 E:\LocalSites\bedrock-nauka\bedrock\web\app\themes\moj-motyw\vendor\roots\acorn\src\Roots\Acorn\View\ViewServiceProvider.php(195): is_subclass_of('App\\View\\Compos...', 'Roots\\Acorn\\Vie...')
#3 E:\LocalSites\bedrock-nauka\bedrock\web\app\themes\moj-motyw\vendor\roots\acorn\src\Roots\Acorn\View\ViewServiceProvider.php(37): Roots\Acorn\View\ViewServiceProvider->attachComposers()
#4 E:\LocalSites\bedrock-nauka\bedrock\web\app\themes\moj-motyw\vendor\illuminate\container\BoundMethod.php(36): Roots\Acorn\View\ViewServiceProvider->boot()
#5 E:\LocalSites\bedrock-nauka\bedrock\web\app\themes\moj-motyw\vendor\illuminate\container\Util.php(43): Illuminate\Container\BoundMethod::{closure:Illuminate\Container\BoundMethod::call():35}()
#6 E:\LocalSites\bedrock-nauka\bedrock\web\app\themes\moj-motyw\vendor\illuminate\container\BoundMethod.php(96): Illuminate\Container\Util::unwrapIfClosure(Object(Closure))
#7 E:\LocalSites\bedrock-nauka\bedrock\web\app\themes\moj-motyw\vendor\illuminate\container\BoundMethod.php(35): Illuminate\Container\BoundMethod::callBoundMethod(Object(Roots\Acorn\Application), Array, Object(Closure))
#8 E:\LocalSites\bedrock-nauka\bedrock\web\app\themes\moj-motyw\vendor\illuminate\container\Container.php(799): Illuminate\Container\BoundMethod::call(Object(Roots\Acorn\Application), Array, Array, NULL)
#9 E:\LocalSites\bedrock-nauka\bedrock\web\app\themes\moj-motyw\vendor\roots\acorn\src\Illuminate\Foundation\Application.php(1150): Illuminate\Container\Container->call(Array)
#10 E:\LocalSites\bedrock-nauka\bedrock\web\app\themes\moj-motyw\vendor\roots\acorn\src\Roots\Acorn\Application.php(311): Illuminate\Foundation\Application->bootProvider(Object(Roots\Acorn\View\ViewServiceProvider))
#11 E:\LocalSites\bedrock-nauka\bedrock\web\app\themes\moj-motyw\vendor\roots\acorn\src\Illuminate\Foundation\Application.php(1131): Roots\Acorn\Application->bootProvider(Object(Roots\Acorn\View\ViewServiceProvider))
#12 [internal function]: Illuminate\Foundation\Application->{closure:Illuminate\Foundation\Application::boot():1130}(Object(Roots\Acorn\View\ViewServiceProvider), 'Roots\\Acorn\\Vie...')
#13 E:\LocalSites\bedrock-nauka\bedrock\web\app\themes\moj-motyw\vendor\roots\acorn\src\Illuminate\Foundation\Application.php(1130): array_walk(Array, Object(Closure))
#14 E:\LocalSites\bedrock-nauka\bedrock\web\app\themes\moj-motyw\vendor\roots\acorn\src\Illuminate\Foundation\Bootstrap\BootProviders.php(17): Illuminate\Foundation\Application->boot()
#15 E:\LocalSites\bedrock-nauka\bedrock\web\app\themes\moj-motyw\vendor\roots\acorn\src\Illuminate\Foundation\Application.php(341): Illuminate\Foundation\Bootstrap\BootProviders->bootstrap(Object(Roots\Acorn\Application))
#16 E:\LocalSites\bedrock-nauka\bedrock\web\app\themes\moj-motyw\vendor\roots\acorn\src\Illuminate\Foundation\Http\Kernel.php(186): Illuminate\Foundation\Application->bootstrapWith(Array)
#17 E:\LocalSites\bedrock-nauka\bedrock\web\app\themes\moj-motyw\vendor\roots\acorn\src\Roots\Acorn\Application\Concerns\Bootable.php(123): Illuminate\Foundation\Http\Kernel->bootstrap(Object(Illuminate\Http\Request))
#18 E:\LocalSites\bedrock-nauka\bedrock\web\app\themes\moj-motyw\vendor\roots\acorn\src\Roots\Acorn\Application\Concerns\Bootable.php(49): Roots\Acorn\Application->bootHttp()
#19 E:\LocalSites\bedrock-nauka\bedrock\web\app\themes\moj-motyw\vendor\roots\acorn\src\Roots\Acorn\Configuration\ApplicationBuilder.php(170): Roots\Acorn\Application->bootAcorn(Array)
#20 E:\LocalSites\bedrock-nauka\bedrock\web\app\themes\moj-motyw\functions.php(38): Roots\Acorn\Configuration\ApplicationBuilder->boot()
#21 E:\LocalSites\bedrock-nauka\bedrock\web\wp\wp-settings.php(710): include('E:\\LocalSites\\b...')
#22 E:\LocalSites\bedrock-nauka\bedrock\web\wp-config.php(10): require_once('E:\\LocalSites\\b...')
#23 E:\LocalSites\bedrock-nauka\bedrock\web\wp\wp-load.php(55): require_once('E:\\LocalSites\\b...')
#24 E:\LocalSites\bedrock-nauka\bedrock\web\wp\wp-blog-header.php(13): require_once('E:\\LocalSites\\b...')
#25 E:\LocalSites\bedrock-nauka\bedrock\web\index.php(7): require('E:\\LocalSites\\b...')
#26 {main}

Next Roots\Acorn\Exceptions\SkipProviderException: Skipping provider [Roots\Acorn\View\ViewServiceProvider] because it encountered an error [ParseError]: syntax error, unexpected token "public", expecting "," or ";" in E:\LocalSites\bedrock-nauka\bedrock\web\app\themes\moj-motyw\vendor\roots\acorn\src\Roots\Acorn\Application.php:371
Stack trace:
#0 E:\LocalSites\bedrock-nauka\bedrock\web\app\themes\moj-motyw\vendor\roots\acorn\src\Roots\Acorn\Application.php(313): Roots\Acorn\Application->skipProvider(Object(Roots\Acorn\View\ViewServiceProvider), Object(ParseError))
#1 E:\LocalSites\bedrock-nauka\bedrock\web\app\themes\moj-motyw\vendor\roots\acorn\src\Illuminate\Foundation\Application.php(1131): Roots\Acorn\Application->bootProvider(Object(Roots\Acorn\View\ViewServiceProvider))
#2 [internal function]: Illuminate\Foundation\Application->{closure:Illuminate\Foundation\Application::boot():1130}(Object(Roots\Acorn\View\ViewServiceProvider), 'Roots\\Acorn\\Vie...')
#3 E:\LocalSites\bedrock-nauka\bedrock\web\app\themes\moj-motyw\vendor\roots\acorn\src\Illuminate\Foundation\Application.php(1130): array_walk(Array, Object(Closure))
#4 E:\LocalSites\bedrock-nauka\bedrock\web\app\themes\moj-motyw\vendor\roots\acorn\src\Illuminate\Foundation\Bootstrap\BootProviders.php(17): Illuminate\Foundation\Application->boot()
#5 E:\LocalSites\bedrock-nauka\bedrock\web\app\themes\moj-motyw\vendor\roots\acorn\src\Illuminate\Foundation\Application.php(341): Illuminate\Foundation\Bootstrap\BootProviders->bootstrap(Object(Roots\Acorn\Application))
#6 E:\LocalSites\bedrock-nauka\bedrock\web\app\themes\moj-motyw\vendor\roots\acorn\src\Illuminate\Foundation\Http\Kernel.php(186): Illuminate\Foundation\Application->bootstrapWith(Array)
#7 E:\LocalSites\bedrock-nauka\bedrock\web\app\themes\moj-motyw\vendor\roots\acorn\src\Roots\Acorn\Application\Concerns\Bootable.php(123): Illuminate\Foundation\Http\Kernel->bootstrap(Object(Illuminate\Http\Request))
#8 E:\LocalSites\bedrock-nauka\bedrock\web\app\themes\moj-motyw\vendor\roots\acorn\src\Roots\Acorn\Application\Concerns\Bootable.php(49): Roots\Acorn\Application->bootHttp()
#9 E:\LocalSites\bedrock-nauka\bedrock\web\app\themes\moj-motyw\vendor\roots\acorn\src\Roots\Acorn\Configuration\ApplicationBuilder.php(170): Roots\Acorn\Application->bootAcorn(Array)
#10 E:\LocalSites\bedrock-nauka\bedrock\web\app\themes\moj-motyw\functions.php(38): Roots\Acorn\Configuration\ApplicationBuilder->boot()
#11 E:\LocalSites\bedrock-nauka\bedrock\web\wp\wp-settings.php(710): include('E:\\LocalSites\\b...')
#12 E:\LocalSites\bedrock-nauka\bedrock\web\wp-config.php(10): require_once('E:\\LocalSites\\b...')
#13 E:\LocalSites\bedrock-nauka\bedrock\web\wp\wp-load.php(55): require_once('E:\\LocalSites\\b...')
#14 E:\LocalSites\bedrock-nauka\bedrock\web\wp\wp-blog-header.php(13): require_once('E:\\LocalSites\\b...')
#15 E:\LocalSites\bedrock-nauka\bedrock\web\index.php(7): require('E:\\LocalSites\\b...')
#16 {main}
  thrown in E:\LocalSites\bedrock-nauka\bedrock\web\app\themes\moj-motyw\vendor\roots\acorn\src\Roots\Acorn\Application.php on line 371
